コード,銘柄名,33業種コード,33業種区分,規模コード,規模区分
1301,極洋,50,水産・農林業,7,TOPIX Small 2
1332,日本水産,50,水産・農林業,4,TOPIX Mid400
1333,マルハニチロ,50,水産・農林業,4,TOPIX Mid400
1352,ホウスイ,6050,卸売業,7,TOPIX Small 2
1375,雪国まいたけ,50,水産・農林業,6,TOPIX Small 1
1376,カネコ種苗,50,水産・農林業,7,TOPIX Small 2
1377,サカタのタネ,50,水産・農林業,6,TOPIX Small 1
1379,ホクト,50,水産・農林業,6,TOPIX Small 1
1384,ホクリヨウ,50,水産・農林業,7,TOPIX Small 2
1413,ヒノキヤグループ,2050,建設業,7,TOPIX Small 2
1414,ショーボンドホールディングス,2050,建設業,4,TOPIX Mid400
1417,ミライト・ホールディングス,2050,建設業,4,TOPIX Mid400
1419,タマホーム,2050,建設業,6,TOPIX Small 1
1420,サンヨーホームズ,2050,建設業,7,TOPIX Small 2
1429,日本アクア,2050,建設業,7,TOPIX Small 2
1430,ファーストコーポレーション,2050,建設業,7,TOPIX Small 2
1433,ベステラ,2050,建設業,7,TOPIX Small 2
1435,Ｒｏｂｏｔ　Ｈｏｍｅ,2050,建設業,7,TOPIX Small 2
1446,キャンディル,2050,建設業,7,TOPIX Small 2
1448,スペースバリューホールディングス,2050,建設業,7,TOPIX Small 2
1514,住石ホールディングス,1050,鉱業,7,TOPIX Small 2
1515,日鉄鉱業,1050,鉱業,7,TOPIX Small 2
1518,三井松島ホールディングス,1050,鉱業,7,TOPIX Small 2
1605,ＩＮＰＥＸ,1050,鉱業,4,TOPIX Mid400
1662,石油資源開発,1050,鉱業,6,TOPIX Small 1
1663,Ｋ＆Ｏエナジーグループ,1050,鉱業,7,TOPIX Small 2
1712,ダイセキ環境ソリューション,2050,建設業,7,TOPIX Small 2
1716,第一カッター興業,2050,建設業,7,TOPIX Small 2
1717,明豊ファシリティワークス,9050,サービス業,7,TOPIX Small 2
1719,安藤・間,2050,建設業,6,TOPIX Small 1
1720,東急建設,2050,建設業,6,TOPIX Small 1
1721,コムシスホールディングス,2050,建設業,4,TOPIX Mid400
1726,ビーアールホールディングス,2050,建設業,7,TOPIX Small 2
1762,高松コンストラクショングループ,2050,建設業,7,TOPIX Small 2
1766,東建コーポレーション,2050,建設業,6,TOPIX Small 1
1768,ソネック,2050,建設業,7,TOPIX Small 2
1780,ヤマウラ,2050,建設業,7,TOPIX Small 2
1786,オリエンタル白石,2050,建設業,6,TOPIX Small 1
1801,大成建設,2050,建設業,4,TOPIX Mid400
1802,大林組,2050,建設業,4,TOPIX Mid400
1803,清水建設,2050,建設業,4,TOPIX Mid400
1805,飛島建設,2050,建設業,7,TOPIX Small 2
1808,長谷工コーポレーション,2050,建設業,4,TOPIX Mid400
1810,松井建設,2050,建設業,7,TOPIX Small 2
1811,錢高組,2050,建設業,7,TOPIX Small 2
1812,鹿島建設,2050,建設業,4,TOPIX Mid400
1813,不動テトラ,2050,建設業,6,TOPIX Small 1
1814,大末建設,2050,建設業,7,TOPIX Small 2
1815,鉄建建設,2050,建設業,7,TOPIX Small 2
1820,西松建設,2050,建設業,4,TOPIX Mid400
1821,三井住友建設,2050,建設業,6,TOPIX Small 1
1822,大豊建設,2050,建設業,6,TOPIX Small 1
1826,佐田建設,2050,建設業,7,TOPIX Small 2
1827,ナカノフドー建設,2050,建設業,7,TOPIX Small 2
1833,奥村組,2050,建設業,6,TOPIX Small 1
1835,東鉄工業,2050,建設業,6,TOPIX Small 1
1847,イチケン,2050,建設業,7,TOPIX Small 2
1848,富士ピー・エス,2050,建設業,7,TOPIX Small 2
1852,淺沼組,2050,建設業,6,TOPIX Small 1
1860,戸田建設,2050,建設業,4,TOPIX Mid400
1861,熊谷組,2050,建設業,6,TOPIX Small 1
1866,北野建設,2050,建設業,7,TOPIX Small 2
1867,植木組,2050,建設業,7,TOPIX Small 2
1870,矢作建設工業,2050,建設業,7,TOPIX Small 2
1871,ピーエス三菱,2050,建設業,7,TOPIX Small 2
1873,日本ハウスホールディングス,2050,建設業,7,TOPIX Small 2
1878,大東建託,2050,建設業,4,TOPIX Mid400
1879,新日本建設,2050,建設業,7,TOPIX Small 2
1881,ＮＩＰＰＯ,2050,建設業,6,TOPIX Small 1
1882,東亜道路工業,2050,建設業,7,TOPIX Small 2
1884,日本道路,2050,建設業,7,TOPIX Small 2
1885,東亜建設工業,2050,建設業,6,TOPIX Small 1
1887,日本国土開発,2050,建設業,6,TOPIX Small 1
1888,若築建設,2050,建設業,7,TOPIX Small 2
1890,東洋建設,2050,建設業,6,TOPIX Small 1
1893,五洋建設,2050,建設業,4,TOPIX Mid400
1898,世紀東急工業,2050,建設業,7,TOPIX Small 2
1899,福田組,2050,建設業,7,TOPIX Small 2
1909,日本ドライケミカル,3600,機械,7,TOPIX Small 2
1911,住友林業,2050,建設業,4,TOPIX Mid400
1914,日本基礎技術,2050,建設業,7,TOPIX Small 2
1921,巴コーポレーション,2050,建設業,7,TOPIX Small 2
1925,大和ハウス工業,2050,建設業,2,TOPIX Large70
1926,ライト工業,2050,建設業,6,TOPIX Small 1
1928,積水ハウス,2050,建設業,2,TOPIX Large70
1929,日特建設,2050,建設業,7,TOPIX Small 2
1930,北陸電気工事,2050,建設業,7,TOPIX Small 2
1934,ユアテック,2050,建設業,7,TOPIX Small 2
1938,日本リーテック,2050,建設業,7,TOPIX Small 2
1939,四電工,2050,建設業,7,TOPIX Small 2
1941,中電工,2050,建設業,6,TOPIX Small 1
1942,関電工,2050,建設業,6,TOPIX Small 1
1944,きんでん,2050,建設業,4,TOPIX Mid400
1945,東京エネシス,2050,建設業,7,TOPIX Small 2
1946,トーエネック,2050,建設業,7,TOPIX Small 2
1949,住友電設,2050,建設業,7,TOPIX Small 2
1950,日本電設工業,2050,建設業,6,TOPIX Small 1
1951,エクシオグループ,2050,建設業,4,TOPIX Mid400
1952,新日本空調,2050,建設業,7,TOPIX Small 2
1954,日本工営,9050,サービス業,7,TOPIX Small 2
1959,九電工,2050,建設業,4,TOPIX Mid400
1961,三機工業,2050,建設業,6,TOPIX Small 1
1963,日揮ホールディングス,2050,建設業,4,TOPIX Mid400
1964,中外炉工業,2050,建設業,7,TOPIX Small 2
1967,ヤマト,2050,建設業,7,TOPIX Small 2
1968,太平電業,2050,建設業,7,TOPIX Small 2
1969,高砂熱学工業,2050,建設業,6,TOPIX Small 1
1972,三晃金属工業,2050,建設業,7,TOPIX Small 2
1973,ＮＥＣネッツエスアイ,5250,情報・通信業,6,TOPIX Small 1
1975,朝日工業社,2050,建設業,7,TOPIX Small 2
1976,明星工業,2050,建設業,7,TOPIX Small 2
1979,大氣社,2050,建設業,6,TOPIX Small 1
1980,ダイダン,2050,建設業,7,TOPIX Small 2
1982,日比谷総合設備,2050,建設業,7,TOPIX Small 2
2001,ニップン,3050,食料品,6,TOPIX Small 1
2002,日清製粉グループ本社,3050,食料品,4,TOPIX Mid400
2003,日東富士製粉,3050,食料品,7,TOPIX Small 2
2004,昭和産業,3050,食料品,7,TOPIX Small 2
2009,鳥越製粉,3050,食料品,7,TOPIX Small 2
2053,中部飼料,3050,食料品,7,TOPIX Small 2
2060,フィード・ワン,3050,食料品,7,TOPIX Small 2
2107,東洋精糖,3050,食料品,7,TOPIX Small 2
2108,日本甜菜製糖,3050,食料品,7,TOPIX Small 2
2109,ＤＭ三井製糖ホールディングス,3050,食料品,7,TOPIX Small 2
2112,塩水港精糖,3050,食料品,7,TOPIX Small 2
2117,日新製糖,3050,食料品,7,TOPIX Small 2
2120,ＬＩＦＵＬＬ,9050,サービス業,7,TOPIX Small 2
2121,ミクシィ,9050,サービス業,6,TOPIX Small 1
2124,ジェイエイシーリクルートメント,9050,サービス業,6,TOPIX Small 1
2127,日本Ｍ＆Ａセンターホールディングス,9050,サービス業,4,TOPIX Mid400
2130,メンバーズ,9050,サービス業,7,TOPIX Small 2
2139,中広,9050,サービス業,7,TOPIX Small 2
2146,ＵＴグループ,9050,サービス業,6,TOPIX Small 1
2148,アイティメディア,9050,サービス業,7,TOPIX Small 2
2153,Ｅ・Ｊホールディングス,9050,サービス業,7,TOPIX Small 2
2154,夢真ビーネックスグループ,9050,サービス業,6,TOPIX Small 1
2157,コシダカホールディングス,9050,サービス業,6,TOPIX Small 1
2163,アルトナー,9050,サービス業,7,TOPIX Small 2
2168,パソナグループ,9050,サービス業,6,TOPIX Small 1
2169,ＣＤＳ,9050,サービス業,7,TOPIX Small 2
2170,リンクアンドモチベーション,9050,サービス業,6,TOPIX Small 1
2175,エス・エム・エス,9050,サービス業,4,TOPIX Mid400
2180,サニーサイドアップグループ,9050,サービス業,7,TOPIX Small 2
2181,パーソルホールディングス,9050,サービス業,4,TOPIX Mid400
2183,リニカル,9050,サービス業,7,TOPIX Small 2
2193,クックパッド,9050,サービス業,7,TOPIX Small 2
2196,エスクリ,9050,サービス業,7,TOPIX Small 2
2198,アイ・ケイ・ケイホールディングス,9050,サービス業,7,TOPIX Small 2
2201,森永製菓,3050,食料品,4,TOPIX Mid400
2204,中村屋,3050,食料品,7,TOPIX Small 2
2206,江崎グリコ,3050,食料品,4,TOPIX Mid400
2207,名糖産業,3050,食料品,7,TOPIX Small 2
2209,井村屋グループ,3050,食料品,7,TOPIX Small 2
2211,不二家,3050,食料品,7,TOPIX Small 2
2212,山崎製パン,3050,食料品,4,TOPIX Mid400
2215,第一屋製パン,3050,食料品,7,TOPIX Small 2
2217,モロゾフ,3050,食料品,7,TOPIX Small 2
2220,亀田製菓,3050,食料品,7,TOPIX Small 2
2222,寿スピリッツ,3050,食料品,6,TOPIX Small 1
2229,カルビー,3050,食料品,4,TOPIX Mid400
2264,森永乳業,3050,食料品,4,TOPIX Mid400
2266,六甲バター,3050,食料品,7,TOPIX Small 2
2267,ヤクルト本社,3050,食料品,4,TOPIX Mid400
2269,明治ホールディングス,3050,食料品,4,TOPIX Mid400
2270,雪印メグミルク,3050,食料品,4,TOPIX Mid400
2281,プリマハム,3050,食料品,6,TOPIX Small 1
2282,日本ハム,3050,食料品,4,TOPIX Mid400
2286,林兼産業,3050,食料品,7,TOPIX Small 2
2288,丸大食品,3050,食料品,7,TOPIX Small 2
2292,Ｓ　Ｆｏｏｄｓ,3050,食料品,6,TOPIX Small 1
2294,柿安本店,3050,食料品,7,TOPIX Small 2
2296,伊藤ハム米久ホールディングス,3050,食料品,6,TOPIX Small 1
2301,学情,9050,サービス業,7,TOPIX Small 2
2305,スタジオアリス,9050,サービス業,7,TOPIX Small 2
2307,クロスキャット,5250,情報・通信業,7,TOPIX Small 2
2309,シミックホールディングス,9050,サービス業,7,TOPIX Small 2
2311,エプコ,9050,サービス業,7,TOPIX Small 2
2317,システナ,5250,情報・通信業,6,TOPIX Small 1
2325,ＮＪＳ,9050,サービス業,7,TOPIX Small 2
2326,デジタルアーツ,5250,情報・通信業,6,TOPIX Small 1
2327,日鉄ソリューションズ,5250,情報・通信業,6,TOPIX Small 1
2331,綜合警備保障,9050,サービス業,4,TOPIX Mid400
2335,キューブシステム,5250,情報・通信業,7,TOPIX Small 2
2337,いちご,8050,不動産業,6,TOPIX Small 1
2352,ＷＯＷ　ＷＯＲＬＤ,5250,情報・通信業,7,TOPIX Small 2
2353,日本駐車場開発,8050,不動産業,6,TOPIX Small 1
2359,コア,5250,情報・通信業,7,TOPIX Small 2
2371,カカクコム,9050,サービス業,4,TOPIX Mid400
2372,アイロムグループ,9050,サービス業,7,TOPIX Small 2
2374,セントケア・ホールディング,9050,サービス業,7,TOPIX Small 2
2376,サイネックス,9050,サービス業,7,TOPIX Small 2
2378,ルネサンス,9050,サービス業,7,TOPIX Small 2
2379,ディップ,9050,サービス業,6,TOPIX Small 1
2384,ＳＢＳホールディングス,5050,陸運業,6,TOPIX Small 1
2389,デジタルホールディングス,9050,サービス業,7,TOPIX Small 2
2395,新日本科学,9050,サービス業,7,TOPIX Small 2
2410,キャリアデザインセンター,9050,サービス業,7,TOPIX Small 2
2412,ベネフィット・ワン,9050,サービス業,4,TOPIX Mid400
2413,エムスリー,9050,サービス業,2,TOPIX Large70
2418,ツカダ・グローバルホールディング,9050,サービス業,7,TOPIX Small 2
2424,ブラス,9050,サービス業,7,TOPIX Small 2
2427,アウトソーシング,9050,サービス業,4,TOPIX Mid400
2428,ウェルネット,9050,サービス業,7,TOPIX Small 2
2429,ワールドホールディングス,9050,サービス業,7,TOPIX Small 2
2432,ディー・エヌ・エー,9050,サービス業,4,TOPIX Mid400
2433,博報堂ＤＹホールディングス,9050,サービス業,4,TOPIX Mid400
2440,ぐるなび,9050,サービス業,7,TOPIX Small 2
2445,タカミヤ,9050,サービス業,7,TOPIX Small 2
2453,ジャパンベストレスキューシステム,9050,サービス業,7,TOPIX Small 2
2461,ファンコミュニケーションズ,9050,サービス業,7,TOPIX Small 2
2462,ライク,9050,サービス業,7,TOPIX Small 2
2464,ビジネス・ブレークスルー,9050,サービス業,7,TOPIX Small 2
2471,エスプール,9050,サービス業,6,TOPIX Small 1
2475,ＷＤＢホールディングス,9050,サービス業,7,TOPIX Small 2
2477,手間いらず,9050,サービス業,7,TOPIX Small 2
2485,ティア,9050,サービス業,7,TOPIX Small 2
2487,ＣＤＧ,9050,サービス業,7,TOPIX Small 2
2489,アドウェイズ,9050,サービス業,7,TOPIX Small 2
2491,バリューコマース,9050,サービス業,6,TOPIX Small 1
2492,インフォマート,9050,サービス業,4,TOPIX Mid400
2501,サッポロホールディングス,3050,食料品,4,TOPIX Mid400
2502,アサヒグループホールディングス,3050,食料品,2,TOPIX Large70
2503,キリンホールディングス,3050,食料品,2,TOPIX Large70
2531,宝ホールディングス,3050,食料品,4,TOPIX Mid400
2533,オエノンホールディングス,3050,食料品,7,TOPIX Small 2
2540,養命酒製造,3050,食料品,7,TOPIX Small 2
2579,コカ・コーラ　ボトラーズジャパンホールディングス,3050,食料品,4,TOPIX Mid400
2587,サントリー食品インターナショナル,3050,食料品,4,TOPIX Mid400
2590,ダイドーグループホールディングス,3050,食料品,6,TOPIX Small 1
2593,伊藤園,3050,食料品,4,TOPIX Mid400
25935,伊藤園 優先株式,3050,食料品,-,-
2594,キーコーヒー,3050,食料品,7,TOPIX Small 2
2597,ユニカフェ,3050,食料品,7,TOPIX Small 2
2599,ジャパンフーズ,3050,食料品,7,TOPIX Small 2
2602,日清オイリオグループ,3050,食料品,6,TOPIX Small 1
2607,不二製油グループ本社,3050,食料品,4,TOPIX Mid400
2612,かどや製油,3050,食料品,7,TOPIX Small 2
2613,Ｊ－オイルミルズ,3050,食料品,7,TOPIX Small 2
2651,ローソン,6100,小売業,4,TOPIX Mid400
2659,サンエー,6100,小売業,6,TOPIX Small 1
2664,カワチ薬品,6100,小売業,6,TOPIX Small 1
2670,エービーシー・マート,6100,小売業,4,TOPIX Mid400
2674,ハードオフコーポレーション,6100,小売業,7,TOPIX Small 2
2676,高千穂交易,6050,卸売業,7,TOPIX Small 2
2678,アスクル,6100,小売業,6,TOPIX Small 1
2681,ゲオホールディングス,6100,小売業,6,TOPIX Small 1
2685,アダストリア,6100,小売業,6,TOPIX Small 1
2686,ジーフット,6100,小売業,7,TOPIX Small 2
2687,シー・ヴイ・エス・ベイエリア,6100,小売業,7,TOPIX Small 2
2689,オルバヘルスケアホールディングス,6050,卸売業,7,TOPIX Small 2
2692,伊藤忠食品,6050,卸売業,7,TOPIX Small 2
2695,くら寿司,6100,小売業,6,TOPIX Small 1
2698,キャンドゥ,6100,小売業,7,TOPIX Small 2
2715,エレマテック,6050,卸売業,7,TOPIX Small 2
2722,アイケイ,6100,小売業,7,TOPIX Small 2
2726,パルグループホールディングス,6100,小売業,6,TOPIX Small 1
2729,ＪＡＬＵＸ,6050,卸売業,7,TOPIX Small 2
2730,エディオン,6100,小売業,6,TOPIX Small 1
2733,あらた,6050,卸売業,6,TOPIX Small 1
2734,サーラコーポレーション,6100,小売業,7,TOPIX Small 2
2735,ワッツ,6100,小売業,7,TOPIX Small 2
2737,トーメンデバイス,6050,卸売業,7,TOPIX Small 2
2742,ハローズ,6100,小売業,7,TOPIX Small 2
2749,ＪＰホールディングス,9050,サービス業,7,TOPIX Small 2
2752,フジオフードグループ本社,6100,小売業,7,TOPIX Small 2
2753,あみやき亭,6100,小売業,7,TOPIX Small 2
2760,東京エレクトロン　デバイス,6050,卸売業,6,TOPIX Small 1
2764,ひらまつ,6100,小売業,7,TOPIX Small 2
2767,フィールズ,6050,卸売業,7,TOPIX Small 2
2768,双日,6050,卸売業,4,TOPIX Mid400
2784,アルフレッサ　ホールディングス,6050,卸売業,4,TOPIX Mid400
2791,大黒天物産,6100,小売業,6,TOPIX Small 1
2792,ハニーズホールディングス,6100,小売業,7,TOPIX Small 2
2796,ファーマライズホールディングス,6100,小売業,7,TOPIX Small 2
2801,キッコーマン,3050,食料品,4,TOPIX Mid400
2802,味の素,3050,食料品,2,TOPIX Large70
2804,ブルドックソース,3050,食料品,7,TOPIX Small 2
2809,キユーピー,3050,食料品,4,TOPIX Mid400
2810,ハウス食品グループ本社,3050,食料品,4,TOPIX Mid400
2811,カゴメ,3050,食料品,4,TOPIX Mid400
2812,焼津水産化学工業,3050,食料品,7,TOPIX Small 2
2815,アリアケジャパン,3050,食料品,4,TOPIX Mid400
2818,ピエトロ,3050,食料品,7,TOPIX Small 2
2819,エバラ食品工業,3050,食料品,7,TOPIX Small 2
2820,やまみ,3050,食料品,7,TOPIX Small 2
2871,ニチレイ,3050,食料品,4,TOPIX Mid400
2874,横浜冷凍,6050,卸売業,7,TOPIX Small 2
2875,東洋水産,3050,食料品,4,TOPIX Mid400
2882,イートアンドホールディングス,3050,食料品,7,TOPIX Small 2
2883,大冷,3050,食料品,7,TOPIX Small 2
2884,ヨシムラ・フード・ホールディングス,3050,食料品,7,TOPIX Small 2
2897,日清食品ホールディングス,3050,食料品,4,TOPIX Mid400
2899,永谷園ホールディングス,3050,食料品,7,TOPIX Small 2
2904,一正蒲鉾,3050,食料品,7,TOPIX Small 2
2908,フジッコ,3050,食料品,7,TOPIX Small 2
2910,ロック・フィールド,3050,食料品,6,TOPIX Small 1
2914,日本たばこ産業,3050,食料品,2,TOPIX Large70
2915,ケンコーマヨネーズ,3050,食料品,7,TOPIX Small 2
2918,わらべや日洋ホールディングス,3050,食料品,6,TOPIX Small 1
2922,なとり,3050,食料品,7,TOPIX Small 2
2924,イフジ産業,3050,食料品,7,TOPIX Small 2
2925,ピックルスコーポレーション,3050,食料品,7,TOPIX Small 2
2929,ファーマフーズ,3050,食料品,6,TOPIX Small 1
2930,北の達人コーポレーション,3200,化学,6,TOPIX Small 1
2931,ユーグレナ,3050,食料品,6,TOPIX Small 1
2933,紀文食品,3050,食料品,7,TOPIX Small 2
2975,スター・マイカ・ホールディングス,8050,不動産業,7,TOPIX Small 2
2980,ＳＲＥホールディングス,8050,不動産業,7,TOPIX Small 2
2982,ＡＤワークスグループ,8050,不動産業,7,TOPIX Small 2
3001,片倉工業,3100,繊維製品,7,TOPIX Small 2
3002,グンゼ,3100,繊維製品,6,TOPIX Small 1
3003,ヒューリック,8050,不動産業,4,TOPIX Mid400
3004,神栄,6050,卸売業,7,TOPIX Small 2
3023,ラサ商事,6050,卸売業,7,TOPIX Small 2
3028,アルペン,6100,小売業,6,TOPIX Small 1
3030,ハブ,6100,小売業,7,TOPIX Small 2
3031,ラクーンホールディングス,5250,情報・通信業,6,TOPIX Small 1
3034,クオールホールディングス,6100,小売業,6,TOPIX Small 1
3036,アルコニックス,6050,卸売業,7,TOPIX Small 2
3038,神戸物産,6050,卸売業,4,TOPIX Mid400
3040,ソリトンシステムズ,5250,情報・通信業,7,TOPIX Small 2
3046,ジンズホールディングス,6100,小売業,6,TOPIX Small 1
3048,ビックカメラ,6100,小売業,6,TOPIX Small 1
3050,ＤＣＭホールディングス,6100,小売業,6,TOPIX Small 1
3053,ペッパーフードサービス,6100,小売業,7,TOPIX Small 2
3054,ハイパー,6050,卸売業,7,TOPIX Small 2
3064,ＭｏｎｏｔａＲＯ,6100,小売業,4,TOPIX Mid400
3067,東京一番フーズ,6100,小売業,7,TOPIX Small 2
3073,ＤＤホールディングス,6100,小売業,7,TOPIX Small 2
3076,あい　ホールディングス,6050,卸売業,6,TOPIX Small 1
3079,ディーブイエックス,6050,卸売業,7,TOPIX Small 2
3082,きちりホールディングス,6100,小売業,7,TOPIX Small 2
3085,アークランドサービスホールディングス,6100,小売業,6,TOPIX Small 1
3086,Ｊ．フロント　リテイリング,6100,小売業,4,TOPIX Mid400
3087,ドトール・日レスホールディングス,6100,小売業,6,TOPIX Small 1
3088,マツキヨココカラ＆カンパニー,6100,小売業,4,TOPIX Mid400
3091,ブロンコビリー,6100,小売業,6,TOPIX Small 1
3092,ＺＯＺＯ,6100,小売業,4,TOPIX Mid400
3093,トレジャー・ファクトリー,6100,小売業,7,TOPIX Small 2
3097,物語コーポレーション,6100,小売業,6,TOPIX Small 1
3099,三越伊勢丹ホールディングス,6100,小売業,4,TOPIX Mid400
3101,東洋紡,3100,繊維製品,4,TOPIX Mid400
3103,ユニチカ,3100,繊維製品,7,TOPIX Small 2
3104,富士紡ホールディングス,3100,繊維製品,7,TOPIX Small 2
3105,日清紡ホールディングス,3650,電気機器,4,TOPIX Mid400
3106,倉敷紡績,3100,繊維製品,6,TOPIX Small 1
3107,ダイワボウホールディングス,6050,卸売業,4,TOPIX Mid400
3109,シキボウ,3100,繊維製品,7,TOPIX Small 2
3110,日東紡績,3400,ガラス・土石製品,6,TOPIX Small 1
3116,トヨタ紡織,3700,輸送用機器,4,TOPIX Mid400
3132,マクニカ・富士エレホールディングス,6050,卸売業,6,TOPIX Small 1
3134,Ｈａｍｅｅ,6100,小売業,7,TOPIX Small 2
3135,マーケットエンタープライズ,6100,小売業,7,TOPIX Small 2
3139,ラクト・ジャパン,6050,卸売業,7,TOPIX Small 2
3141,ウエルシアホールディングス,6100,小売業,4,TOPIX Mid400
3148,クリエイトＳＤホールディングス,6100,小売業,6,TOPIX Small 1
3150,グリムス,6050,卸売業,7,TOPIX Small 2
3151,バイタルケーエスケー・ホールディングス,6050,卸売業,7,TOPIX Small 2
3153,八洲電機,6050,卸売業,7,TOPIX Small 2
3154,メディアスホールディングス,6050,卸売業,7,TOPIX Small 2
3156,レスターホールディングス,6050,卸売業,6,TOPIX Small 1
3157,ジューテックホールディングス,6050,卸売業,7,TOPIX Small 2
3159,丸善ＣＨＩホールディングス,6100,小売業,7,TOPIX Small 2
3160,大光,6050,卸売業,7,TOPIX Small 2
3166,ＯＣＨＩホールディングス,6050,卸売業,7,TOPIX Small 2
3167,ＴＯＫＡＩホールディングス,6050,卸売業,6,TOPIX Small 1
3168,黒谷,6050,卸売業,7,TOPIX Small 2
3169,ミサワ,6100,小売業,7,TOPIX Small 2
3172,ティーライフ,6100,小売業,7,TOPIX Small 2
3173,Ｃｏｍｉｎｉｘ,6050,卸売業,7,TOPIX Small 2
3175,エー・ピーホールディングス,6100,小売業,7,TOPIX Small 2
3176,三洋貿易,6050,卸売業,7,TOPIX Small 2
3178,チムニー,6100,小売業,7,TOPIX Small 2
3179,シュッピン,6100,小売業,7,TOPIX Small 2
3180,ビューティガレージ,6050,卸売業,7,TOPIX Small 2
3182,オイシックス・ラ・大地,6100,小売業,6,TOPIX Small 1
3183,ウイン・パートナーズ,6050,卸売業,7,TOPIX Small 2
3186,ネクステージ,6100,小売業,6,TOPIX Small 1
3191,ジョイフル本田,6100,小売業,6,TOPIX Small 1
3193,鳥貴族ホールディングス,6100,小売業,7,TOPIX Small 2
3196,ホットランド,6100,小売業,7,TOPIX Small 2
3197,すかいらーくホールディングス,6100,小売業,4,TOPIX Mid400
3198,ＳＦＰホールディングス,6100,小売業,7,TOPIX Small 2
3199,綿半ホールディングス,6100,小売業,7,TOPIX Small 2
3201,日本毛織,3100,繊維製品,6,TOPIX Small 1
3202,ダイトウボウ,3100,繊維製品,7,TOPIX Small 2
3204,トーア紡コーポレーション,3100,繊維製品,7,TOPIX Small 2
3205,ダイドーリミテッド,3100,繊維製品,7,TOPIX Small 2
3221,ヨシックスホールディングス,6100,小売業,7,TOPIX Small 2
3222,ユナイテッド・スーパーマーケット・ホールディングス,6100,小売業,6,TOPIX Small 1
3228,三栄建築設計,8050,不動産業,7,TOPIX Small 2
3231,野村不動産ホールディングス,8050,不動産業,4,TOPIX Mid400
3232,三重交通グループホールディングス,8050,不動産業,7,TOPIX Small 2
3244,サムティ,8050,不動産業,6,TOPIX Small 1
3245,ディア・ライフ,8050,不動産業,7,TOPIX Small 2
3246,コーセーアールイー,8050,不動産業,7,TOPIX Small 2
3252,地主,8050,不動産業,7,TOPIX Small 2
3254,プレサンスコーポレーション,8050,不動産業,6,TOPIX Small 1
3267,フィル・カンパニー,2050,建設業,7,TOPIX Small 2
3271,ＴＨＥグローバル社,8050,不動産業,7,TOPIX Small 2
3275,ハウスコム,8050,不動産業,7,TOPIX Small 2
3276,日本管理センター,8050,不動産業,7,TOPIX Small 2
3277,サンセイランディック,8050,不動産業,7,TOPIX Small 2
3280,エストラスト,8050,不動産業,7,TOPIX Small 2
3284,フージャースホールディングス,8050,不動産業,7,TOPIX Small 2
3288,オープンハウスグループ,8050,不動産業,4,TOPIX Mid400
3289,東急不動産ホールディングス,8050,不動産業,4,TOPIX Mid400
3291,飯田グループホールディングス,8050,不動産業,4,TOPIX Mid400
3294,イーグランド,8050,不動産業,7,TOPIX Small 2
3299,ムゲンエステート,8050,不動産業,7,TOPIX Small 2
3302,帝国繊維,3100,繊維製品,7,TOPIX Small 2
3315,日本コークス工業,3300,石油・石炭製品,7,TOPIX Small 2
3319,ゴルフダイジェスト・オンライン,6100,小売業,7,TOPIX Small 2
3321,ミタチ産業,6050,卸売業,7,TOPIX Small 2
3328,ＢＥＥＮＯＳ,6100,小売業,6,TOPIX Small 1
3333,あさひ,6100,小売業,7,TOPIX Small 2
3341,日本調剤,6100,小売業,7,TOPIX Small 2
3349,コスモス薬品,6100,小売業,4,TOPIX Mid400
3360,シップヘルスケアホールディングス,6050,卸売業,4,TOPIX Mid400
3361,トーエル,6100,小売業,7,TOPIX Small 2
3371,ソフトクリエイトホールディングス,5250,情報・通信業,7,TOPIX Small 2
3382,セブン＆アイ・ホールディングス,6100,小売業,1,TOPIX Core30
3387,クリエイト・レストランツ・ホールディングス,6100,小売業,6,TOPIX Small 1
3388,明治電機工業,6050,卸売業,7,TOPIX Small 2
3391,ツルハホールディングス,6100,小売業,4,TOPIX Mid400
3392,デリカフーズホールディングス,6050,卸売業,7,TOPIX Small 2
3393,スターティアホールディングス,6050,卸売業,7,TOPIX Small 2
3395,サンマルクホールディングス,6100,小売業,6,TOPIX Small 1
3396,フェリシモ,6100,小売業,7,TOPIX Small 2
3397,トリドールホールディングス,6100,小売業,6,TOPIX Small 1
3401,帝人,3100,繊維製品,4,TOPIX Mid400
3402,東レ,3100,繊維製品,2,TOPIX Large70
3405,クラレ,3200,化学,4,TOPIX Mid400
3407,旭化成,3200,化学,2,TOPIX Large70
3415,ＴＯＫＹＯ　ＢＡＳＥ,6100,小売業,7,TOPIX Small 2
3421,稲葉製作所,3550,金属製品,7,TOPIX Small 2
3431,宮地エンジニアリンググループ,3550,金属製品,7,TOPIX Small 2
3433,トーカロ,3550,金属製品,6,TOPIX Small 1
3434,アルファＣｏ,3550,金属製品,7,TOPIX Small 2
3436,ＳＵＭＣＯ,3550,金属製品,4,TOPIX Mid400
3443,川田テクノロジーズ,3550,金属製品,7,TOPIX Small 2
3445,ＲＳ　Ｔｅｃｈｎｏｌｏｇｉｅｓ,3550,金属製品,6,TOPIX Small 1
3446,ジェイテックコーポレーション,3550,金属製品,7,TOPIX Small 2
3447,信和,3550,金属製品,7,TOPIX Small 2
3452,ビーロット,8050,不動産業,7,TOPIX Small 2
3454,ファーストブラザーズ,8050,不動産業,7,TOPIX Small 2
3457,Ａｎｄ　Ｄｏホールディングス,8050,不動産業,7,TOPIX Small 2
3458,シーアールイー,8050,不動産業,7,TOPIX Small 2
3464,プロパティエージェント,8050,不動産業,7,TOPIX Small 2
3465,ケイアイスター不動産,8050,不動産業,6,TOPIX Small 1
3467,アグレ都市デザイン,8050,不動産業,7,TOPIX Small 2
3475,グッドコムアセット,8050,不動産業,7,TOPIX Small 2
3480,ジェイ・エス・ビー,8050,不動産業,7,TOPIX Small 2
3484,テンポイノベーション,8050,不動産業,7,TOPIX Small 2
3486,グローバル・リンク・マネジメント,8050,不動産業,7,TOPIX Small 2
3489,フェイスネットワーク,8050,不動産業,7,TOPIX Small 2
3501,住江織物,3100,繊維製品,7,TOPIX Small 2
3512,日本フエルト,3100,繊維製品,7,TOPIX Small 2
3513,イチカワ,3100,繊維製品,7,TOPIX Small 2
3521,エコナックホールディングス,9050,サービス業,7,TOPIX Small 2
3524,日東製網,3100,繊維製品,7,TOPIX Small 2
3526,芦森工業,3700,輸送用機器,7,TOPIX Small 2
3529,アツギ,3100,繊維製品,7,TOPIX Small 2
3538,ウイルプラスホールディングス,6100,小売業,7,TOPIX Small 2
3539,ＪＭホールディングス,6100,小売業,6,TOPIX Small 1
3543,コメダホールディングス,6050,卸売業,6,TOPIX Small 1
3544,サツドラホールディングス,6100,小売業,7,TOPIX Small 2
3546,アレンザホールディングス,6100,小売業,7,TOPIX Small 2
3547,串カツ田中ホールディングス,6100,小売業,7,TOPIX Small 2
3548,バロックジャパンリミテッド,6100,小売業,7,TOPIX Small 2
3549,クスリのアオキホールディングス,6100,小売業,4,TOPIX Mid400
3551,ダイニック,3100,繊維製品,7,TOPIX Small 2
3553,共和レザー,3200,化学,7,TOPIX Small 2
3559,ピーバンドットコム,6050,卸売業,7,TOPIX Small 2
3561,力の源ホールディングス,6100,小売業,7,TOPIX Small 2
3563,ＦＯＯＤ　＆　ＬＩＦＥ　ＣＯＭＰＡＮＩＥＳ,6100,小売業,4,TOPIX Mid400
3565,アセンテック,6050,卸売業,7,TOPIX Small 2
3569,セーレン,3100,繊維製品,6,TOPIX Small 1
3571,ソトー,3100,繊維製品,7,TOPIX Small 2
3577,東海染工,3100,繊維製品,7,TOPIX Small 2
3580,小松マテーレ,3100,繊維製品,7,TOPIX Small 2
3591,ワコールホールディングス,3100,繊維製品,4,TOPIX Mid400
3593,ホギメディカル,3100,繊維製品,6,TOPIX Small 1
3607,クラウディアホールディングス,3100,繊維製品,7,TOPIX Small 2
3608,ＴＳＩホールディングス,3100,繊維製品,7,TOPIX Small 2
3611,マツオカコーポレーション,3100,繊維製品,7,TOPIX Small 2
3612,ワールド,3100,繊維製品,6,TOPIX Small 1
3626,ＴＩＳ,5250,情報・通信業,4,TOPIX Mid400
3627,ＪＮＳホールディングス,5250,情報・通信業,7,TOPIX Small 2
3632,グリー,5250,情報・通信業,6,TOPIX Small 1
3633,ＧＭＯペパボ,5250,情報・通信業,7,TOPIX Small 2
3635,コーエーテクモホールディングス,5250,情報・通信業,4,TOPIX Mid400
3636,三菱総合研究所,5250,情報・通信業,6,TOPIX Small 1
3639,ボルテージ,5250,情報・通信業,7,TOPIX Small 2
3640,電算,5250,情報・通信業,7,TOPIX Small 2
3648,ＡＧＳ,5250,情報・通信業,7,TOPIX Small 2
3649,ファインデックス,5250,情報・通信業,7,TOPIX Small 2
3655,ブレインパッド,5250,情報・通信業,6,TOPIX Small 1
3656,ＫＬａｂ,5250,情報・通信業,6,TOPIX Small 1
3657,ポールトゥウィン・ピットクルーホールディングス,5250,情報・通信業,6,TOPIX Small 1
3658,イーブックイニシアティブジャパン,5250,情報・通信業,-,-
3659,ネクソン,5250,情報・通信業,4,TOPIX Mid400
3660,アイスタイル,5250,情報・通信業,6,TOPIX Small 1
3661,エムアップホールディングス,5250,情報・通信業,7,TOPIX Small 2
3662,エイチーム,5250,情報・通信業,7,TOPIX Small 2
3665,エニグモ,5250,情報・通信業,6,TOPIX Small 1
3666,テクノスジャパン,5250,情報・通信業,7,TOPIX Small 2
3667,ｅｎｉｓｈ,5250,情報・通信業,7,TOPIX Small 2
3668,コロプラ,5250,情報・通信業,6,TOPIX Small 1
3672,オルトプラス,5250,情報・通信業,7,TOPIX Small 2
3673,ブロードリーフ,5250,情報・通信業,6,TOPIX Small 1
3675,クロス・マーケティンググループ,5250,情報・通信業,7,TOPIX Small 2
3676,デジタルハーツホールディングス,5250,情報・通信業,7,TOPIX Small 2
3677,システム情報,5250,情報・通信業,7,TOPIX Small 2
3678,メディアドゥ,5250,情報・通信業,6,TOPIX Small 1
3679,じげん,5250,情報・通信業,7,TOPIX Small 2
3681,ブイキューブ,5250,情報・通信業,6,TOPIX Small 1
3682,エンカレッジ・テクノロジ,5250,情報・通信業,7,TOPIX Small 2
3683,サイバーリンクス,5250,情報・通信業,7,TOPIX Small 2
3686,ディー・エル・イー,5250,情報・通信業,7,TOPIX Small 2
3687,フィックスターズ,5250,情報・通信業,7,TOPIX Small 2
3688,ＣＡＲＴＡ　ＨＯＬＤＩＮＧＳ,5250,情報・通信業,7,TOPIX Small 2
3694,オプティム,5250,情報・通信業,6,TOPIX Small 1
3696,セレス,5250,情報・通信業,7,TOPIX Small 2
3697,ＳＨＩＦＴ,5250,情報・通信業,4,TOPIX Mid400
3708,特種東海製紙,3150,パルプ・紙,7,TOPIX Small 2
3738,ティーガイア,5250,情報・通信業,6,TOPIX Small 1
3741,セック,5250,情報・通信業,7,TOPIX Small 2
3762,テクマトリックス,5250,情報・通信業,6,TOPIX Small 1
3763,プロシップ,5250,情報・通信業,7,TOPIX Small 2
3765,ガンホー・オンライン・エンターテイメント,5250,情報・通信業,4,TOPIX Mid400
3769,ＧＭＯペイメントゲートウェイ,5250,情報・通信業,4,TOPIX Mid400
3770,ザッパラス,5250,情報・通信業,7,TOPIX Small 2
3771,システムリサーチ,5250,情報・通信業,7,TOPIX Small 2
3774,インターネットイニシアティブ,5250,情報・通信業,4,TOPIX Mid400
3778,さくらインターネット,5250,情報・通信業,7,TOPIX Small 2
3784,ヴィンクス,5250,情報・通信業,7,TOPIX Small 2
3788,ＧＭＯグローバルサイン・ホールディングス,5250,情報・通信業,7,TOPIX Small 2
3817,ＳＲＡホールディングス,5250,情報・通信業,7,TOPIX Small 2
3826,システムインテグレータ,5250,情報・通信業,7,TOPIX Small 2
3834,朝日ネット,5250,情報・通信業,7,TOPIX Small 2
3835,ｅＢＡＳＥ,5250,情報・通信業,7,TOPIX Small 2
3836,アバント,5250,情報・通信業,6,TOPIX Small 1
3837,アドソル日進,5250,情報・通信業,7,TOPIX Small 2
3839,ＯＤＫソリューションズ,5250,情報・通信業,7,TOPIX Small 2
3843,フリービット,5250,情報・通信業,7,TOPIX Small 2
3844,コムチュア,5250,情報・通信業,6,TOPIX Small 1
3852,サイバーコム,5250,情報・通信業,7,TOPIX Small 2
3853,アステリア,5250,情報・通信業,7,TOPIX Small 2
3854,アイル,5250,情報・通信業,7,TOPIX Small 2
3861,王子ホールディングス,3150,パルプ・紙,4,TOPIX Mid400
3863,日本製紙,3150,パルプ・紙,4,TOPIX Mid400
3864,三菱製紙,3150,パルプ・紙,7,TOPIX Small 2
3865,北越コーポレーション,3150,パルプ・紙,6,TOPIX Small 1
3877,中越パルプ工業,3150,パルプ・紙,7,TOPIX Small 2
3878,巴川製紙所,3150,パルプ・紙,7,TOPIX Small 2
3880,大王製紙,3150,パルプ・紙,4,TOPIX Mid400
3896,阿波製紙,3150,パルプ・紙,7,TOPIX Small 2
3901,マークラインズ,5250,情報・通信業,6,TOPIX Small 1
3902,メディカル・データ・ビジョン,5250,情報・通信業,6,TOPIX Small 1
3903,ｇｕｍｉ,5250,情報・通信業,6,TOPIX Small 1
3909,ショーケース,5250,情報・通信業,7,TOPIX Small 2
3912,モバイルファクトリー,5250,情報・通信業,7,TOPIX Small 2
3915,テラスカイ,5250,情報・通信業,7,TOPIX Small 2
3916,デジタル・インフォメーション・テクノロジー,5250,情報・通信業,7,TOPIX Small 2
3918,ＰＣＩホールディングス,5250,情報・通信業,7,TOPIX Small 2
3919,パイプドＨＤ,5250,情報・通信業,7,TOPIX Small 2
3920,アイビーシー,5250,情報・通信業,7,TOPIX Small 2
3921,ネオジャパン,5250,情報・通信業,7,TOPIX Small 2
3922,ＰＲ　ＴＩＭＥＳ,5250,情報・通信業,7,TOPIX Small 2
3923,ラクス,5250,情報・通信業,4,TOPIX Mid400
3924,ランドコンピュータ,5250,情報・通信業,7,TOPIX Small 2
3925,ダブルスタンダード,5250,情報・通信業,7,TOPIX Small 2
3926,オープンドア,5250,情報・通信業,6,TOPIX Small 1
3928,マイネット,5250,情報・通信業,7,TOPIX Small 2
3932,アカツキ,5250,情報・通信業,6,TOPIX Small 1
3934,ベネフィットジャパン,5250,情報・通信業,7,TOPIX Small 2
3937,Ｕｂｉｃｏｍホールディングス,5250,情報・通信業,7,TOPIX Small 2
3939,カナミックネットワーク,5250,情報・通信業,7,TOPIX Small 2
3940,ノムラシステムコーポレーション,5250,情報・通信業,7,TOPIX Small 2
3941,レンゴー,3150,パルプ・紙,4,TOPIX Mid400
3946,トーモク,3150,パルプ・紙,7,TOPIX Small 2
3950,ザ・パック,3150,パルプ・紙,7,TOPIX Small 2
3962,チェンジ,5250,情報・通信業,6,TOPIX Small 1
3963,シンクロ・フード,5250,情報・通信業,7,TOPIX Small 2
3964,オークネット,5250,情報・通信業,7,TOPIX Small 2
3965,キャピタル・アセット・プランニング,5250,情報・通信業,7,TOPIX Small 2
3968,セグエグループ,5250,情報・通信業,7,TOPIX Small 2
3969,エイトレッド,5250,情報・通信業,7,TOPIX Small 2
3978,マクロミル,5250,情報・通信業,6,TOPIX Small 1
3981,ビーグリー,5250,情報・通信業,7,TOPIX Small 2
3983,オロ,5250,情報・通信業,7,TOPIX Small 2
3984,ユーザーローカル,5250,情報・通信業,7,TOPIX Small 2
3985,テモナ,5250,情報・通信業,7,TOPIX Small 2
3992,ニーズウェル,5250,情報・通信業,7,TOPIX Small 2
3994,マネーフォワード,5250,情報・通信業,4,TOPIX Mid400
3996,サインポスト,5250,情報・通信業,7,TOPIX Small 2
4004,昭和電工,3200,化学,4,TOPIX Mid400
4005,住友化学,3200,化学,4,TOPIX Mid400
4008,住友精化,3200,化学,7,TOPIX Small 2
4021,日産化学,3200,化学,4,TOPIX Mid400
4022,ラサ工業,3200,化学,7,TOPIX Small 2
4023,クレハ,3200,化学,6,TOPIX Small 1
4025,多木化学,3200,化学,6,TOPIX Small 1
4027,テイカ,3200,化学,7,TOPIX Small 2
4028,石原産業,3200,化学,6,TOPIX Small 1
4031,片倉コープアグリ,3200,化学,7,TOPIX Small 2
4041,日本曹達,3200,化学,6,TOPIX Small 1
4042,東ソー,3200,化学,4,TOPIX Mid400
4043,トクヤマ,3200,化学,4,TOPIX Mid400
4044,セントラル硝子,3200,化学,6,TOPIX Small 1
4045,東亞合成,3200,化学,4,TOPIX Mid400
4046,大阪ソーダ,3200,化学,7,TOPIX Small 2
4047,関東電化工業,3200,化学,6,TOPIX Small 1
4061,デンカ,3200,化学,4,TOPIX Mid400
4062,イビデン,3650,電気機器,4,TOPIX Mid400
4063,信越化学工業,3200,化学,1,TOPIX Core30
4064,日本カーバイド工業,3200,化学,7,TOPIX Small 2
4072,電算システムホールディングス,5250,情報・通信業,7,TOPIX Small 2
4078,堺化学工業,3200,化学,7,TOPIX Small 2
4082,第一稀元素化学工業,3200,化学,6,TOPIX Small 1
4088,エア・ウォーター,3200,化学,4,TOPIX Mid400
4091,日本酸素ホールディングス,3200,化学,4,TOPIX Mid400
4092,日本化学工業,3200,化学,7,TOPIX Small 2
4093,東邦アセチレン,3200,化学,7,TOPIX Small 2
4095,日本パーカライジング,3200,化学,6,TOPIX Small 1
4097,高圧ガス工業,3200,化学,7,TOPIX Small 2
4098,チタン工業,3200,化学,7,TOPIX Small 2
4099,四国化成工業,3200,化学,7,TOPIX Small 2
4100,戸田工業,3200,化学,7,TOPIX Small 2
4109,ステラ　ケミファ,3200,化学,6,TOPIX Small 1
4112,保土谷化学工業,3200,化学,6,TOPIX Small 1
4114,日本触媒,3200,化学,4,TOPIX Mid400
4116,大日精化工業,3200,化学,7,TOPIX Small 2
4118,カネカ,3200,化学,4,TOPIX Mid400
4151,協和キリン,3250,医薬品,4,TOPIX Mid400
4182,三菱瓦斯化学,3200,化学,4,TOPIX Mid400
4183,三井化学,3200,化学,4,TOPIX Mid400
4185,ＪＳＲ,3200,化学,4,TOPIX Mid400
4186,東京応化工業,3200,化学,4,TOPIX Mid400
4187,大阪有機化学工業,3200,化学,6,TOPIX Small 1
4188,三菱ケミカルホールディングス,3200,化学,2,TOPIX Large70
4189,ＫＨネオケム,3200,化学,6,TOPIX Small 1
4202,ダイセル,3200,化学,4,TOPIX Mid400
4203,住友ベークライト,3200,化学,4,TOPIX Mid400
4204,積水化学工業,3200,化学,4,TOPIX Mid400
4205,日本ゼオン,3200,化学,4,TOPIX Mid400
4206,アイカ工業,3200,化学,4,TOPIX Mid400
4208,宇部興産,3200,化学,4,TOPIX Mid400
4212,積水樹脂,3200,化学,7,TOPIX Small 2
4215,タキロンシーアイ,3200,化学,7,TOPIX Small 2
4216,旭有機材,3200,化学,7,TOPIX Small 2
4218,ニチバン,3200,化学,7,TOPIX Small 2
4220,リケンテクノス,3200,化学,7,TOPIX Small 2
4221,大倉工業,3200,化学,7,TOPIX Small 2
4228,積水化成品工業,3200,化学,7,TOPIX Small 2
4229,群栄化学工業,3200,化学,7,TOPIX Small 2
4231,タイガースポリマー,3200,化学,7,TOPIX Small 2
4238,ミライアル,3200,化学,7,TOPIX Small 2
4245,ダイキアクシス,3200,化学,7,TOPIX Small 2
4246,ダイキョーニシカワ,3200,化学,6,TOPIX Small 1
4248,竹本容器,3200,化学,7,TOPIX Small 2
4249,森六ホールディングス,3200,化学,7,TOPIX Small 2
4251,恵和,3200,化学,6,TOPIX Small 1
4272,日本化薬,3200,化学,4,TOPIX Mid400
4275,カーリットホールディングス,3200,化学,7,TOPIX Small 2
4284,ソルクシーズ,5250,情報・通信業,7,TOPIX Small 2
4286,ＣＬホールディングス,9050,サービス業,7,TOPIX Small 2
4290,プレステージ・インターナショナル,9050,サービス業,6,TOPIX Small 1
4295,フェイス,5250,情報・通信業,7,TOPIX Small 2
4298,プロトコーポレーション,5250,情報・通信業,7,TOPIX Small 2
4299,ハイマックス,5250,情報・通信業,7,TOPIX Small 2
4301,アミューズ,9050,サービス業,6,TOPIX Small 1
4307,野村総合研究所,5250,情報・通信業,4,TOPIX Mid400
4310,ドリームインキュベータ,9050,サービス業,7,TOPIX Small 2
4312,サイバネットシステム,5250,情報・通信業,7,TOPIX Small 2
4318,クイック,9050,サービス業,7,TOPIX Small 2
4319,ＴＡＣ,9050,サービス業,7,TOPIX Small 2
4320,ＣＥホールディングス,5250,情報・通信業,7,TOPIX Small 2
4323,日本システム技術,5250,情報・通信業,7,TOPIX Small 2
4324,電通グループ,9050,サービス業,4,TOPIX Mid400
4326,インテージホールディングス,5250,情報・通信業,7,TOPIX Small 2
4331,テイクアンドギヴ・ニーズ,9050,サービス業,7,TOPIX Small 2
4333,東邦システムサイエンス,5250,情報・通信業,7,TOPIX Small 2
4337,ぴあ,9050,サービス業,7,TOPIX Small 2
4343,イオンファンタジー,9050,サービス業,7,TOPIX Small 2
4344,ソースネクスト,5250,情報・通信業,7,TOPIX Small 2
4345,シーティーエス,9050,サービス業,7,TOPIX Small 2
4346,ネクシィーズグループ,9050,サービス業,7,TOPIX Small 2
4348,インフォコム,5250,情報・通信業,6,TOPIX Small 1
4350,メディカルシステムネットワーク,6100,小売業,7,TOPIX Small 2
4362,日本精化,3200,化学,7,TOPIX Small 2
4368,扶桑化学工業,3200,化学,6,TOPIX Small 1
4369,トリケミカル研究所,3200,化学,6,TOPIX Small 1
4373,シンプレクス・ホールディングス,5250,情報・通信業,7,TOPIX Small 2
4382,ＨＥＲＯＺ,5250,情報・通信業,7,TOPIX Small 2
4384,ラクスル,5250,情報・通信業,6,TOPIX Small 1
4390,ＩＰＳ,5250,情報・通信業,7,TOPIX Small 2
4392,ＦＩＧ,5250,情報・通信業,7,TOPIX Small 2
4396,システムサポート,5250,情報・通信業,7,TOPIX Small 2
4401,ＡＤＥＫＡ,3200,化学,4,TOPIX Mid400
4403,日油,3200,化学,4,TOPIX Mid400
4404,ミヨシ油脂,3050,食料品,7,TOPIX Small 2
4406,新日本理化,3200,化学,7,TOPIX Small 2
4410,ハリマ化成グループ,3200,化学,7,TOPIX Small 2
4420,イーソル,5250,情報・通信業,7,TOPIX Small 2
4423,アルテリア・ネットワークス,5250,情報・通信業,6,TOPIX Small 1
4427,ＥｄｕＬａｂ,5250,情報・通信業,7,TOPIX Small 2
4430,東海ソフト,5250,情報・通信業,7,TOPIX Small 2
4432,ウイングアーク１ｓｔ,5250,情報・通信業,6,TOPIX Small 1
4433,ヒト・コミュニケーションズ・ホールディングス,5250,情報・通信業,7,TOPIX Small 2
4434,サーバーワークス,5250,情報・通信業,7,TOPIX Small 2
4439,東名,5250,情報・通信業,7,TOPIX Small 2
4440,ヴィッツ,5250,情報・通信業,7,TOPIX Small 2
4441,トビラシステムズ,5250,情報・通信業,7,TOPIX Small 2
4443,Ｓａｎｓａｎ,5250,情報・通信業,4,TOPIX Mid400
4446,Ｌｉｎｋ－Ｕ,5250,情報・通信業,7,TOPIX Small 2
4449,ギフティ,5250,情報・通信業,6,TOPIX Small 1
4452,花王,3200,化学,1,TOPIX Core30
4461,第一工業製薬,3200,化学,7,TOPIX Small 2
4462,石原ケミカル,3200,化学,7,TOPIX Small 2
4463,日華化学,3200,化学,7,TOPIX Small 2
4465,ニイタカ,3200,化学,7,TOPIX Small 2
4471,三洋化成工業,3200,化学,6,TOPIX Small 1
4481,ベース,5250,情報・通信業,7,TOPIX Small 2
4483,ＪＭＤＣ,5250,情報・通信業,7,TOPIX Small 2
4502,武田薬品工業,3250,医薬品,1,TOPIX Core30
4503,アステラス製薬,3250,医薬品,1,TOPIX Core30
4506,大日本住友製薬,3250,医薬品,4,TOPIX Mid400
4507,塩野義製薬,3250,医薬品,2,TOPIX Large70
4512,わかもと製薬,3250,医薬品,7,TOPIX Small 2
4516,日本新薬,3250,医薬品,4,TOPIX Mid400
4519,中外製薬,3250,医薬品,2,TOPIX Large70
4521,科研製薬,3250,医薬品,4,TOPIX Mid400
4523,エーザイ,3250,医薬品,2,TOPIX Large70
4526,理研ビタミン,3050,食料品,7,TOPIX Small 2
4527,ロート製薬,3250,医薬品,4,TOPIX Mid400
4528,小野薬品工業,3250,医薬品,2,TOPIX Large70
4530,久光製薬,3250,医薬品,4,TOPIX Mid400
4531,有機合成薬品工業,3200,化学,7,TOPIX Small 2
4534,持田製薬,3250,医薬品,4,TOPIX Mid400
4536,参天製薬,3250,医薬品,4,TOPIX Mid400
4538,扶桑薬品工業,3250,医薬品,7,TOPIX Small 2
4539,日本ケミファ,3250,医薬品,7,TOPIX Small 2
4540,ツムラ,3250,医薬品,4,TOPIX Mid400
4541,日医工,3250,医薬品,6,TOPIX Small 1
4543,テルモ,3750,精密機器,2,TOPIX Large70
4544,Ｈ．Ｕ．グループホールディングス,9050,サービス業,4,TOPIX Mid400
4547,キッセイ薬品工業,3250,医薬品,6,TOPIX Small 1
4548,生化学工業,3250,医薬品,7,TOPIX Small 2
4549,栄研化学,3250,医薬品,6,TOPIX Small 1
4550,日水製薬,3250,医薬品,7,TOPIX Small 2
4551,鳥居薬品,3250,医薬品,6,TOPIX Small 1
4552,ＪＣＲファーマ,3250,医薬品,4,TOPIX Mid400
4553,東和薬品,3250,医薬品,6,TOPIX Small 1
4554,富士製薬工業,3250,医薬品,7,TOPIX Small 2
4559,ゼリア新薬工業,3250,医薬品,6,TOPIX Small 1
4568,第一三共,3250,医薬品,1,TOPIX Core30
4569,キョーリン製薬ホールディングス,3250,医薬品,6,TOPIX Small 1
4574,大幸薬品,3250,医薬品,6,TOPIX Small 1
4577,ダイト,3250,医薬品,6,TOPIX Small 1
4578,大塚ホールディングス,3250,医薬品,2,TOPIX Large70
4581,大正製薬ホールディングス,3250,医薬品,4,TOPIX Mid400
4587,ペプチドリーム,3250,医薬品,4,TOPIX Mid400
4611,大日本塗料,3200,化学,7,TOPIX Small 2
4612,日本ペイントホールディングス,3200,化学,4,TOPIX Mid400
4613,関西ペイント,3200,化学,4,TOPIX Mid400
4615,神東塗料,3200,化学,7,TOPIX Small 2
4617,中国塗料,3200,化学,6,TOPIX Small 1
4619,日本特殊塗料,3200,化学,7,TOPIX Small 2
4620,藤倉化成,3200,化学,7,TOPIX Small 2
4626,太陽ホールディングス,3200,化学,6,TOPIX Small 1
4631,ＤＩＣ,3200,化学,4,TOPIX Mid400
4633,サカタインクス,3200,化学,6,TOPIX Small 1
4634,東洋インキＳＣホールディングス,3200,化学,6,TOPIX Small 1
4636,Ｔ＆Ｋ　ＴＯＫＡ,3200,化学,7,TOPIX Small 2
4641,アルプス技研,9050,サービス業,7,TOPIX Small 2
4651,サニックス,9050,サービス業,7,TOPIX Small 2
4653,ダイオーズ,9050,サービス業,7,TOPIX Small 2
4658,日本空調サービス,9050,サービス業,7,TOPIX Small 2
4661,オリエンタルランド,9050,サービス業,2,TOPIX Large70
4662,フォーカスシステムズ,5250,情報・通信業,7,TOPIX Small 2
4665,ダスキン,9050,サービス業,4,TOPIX Mid400
4666,パーク２４,8050,不動産業,4,TOPIX Mid400
4668,明光ネットワークジャパン,9050,サービス業,7,TOPIX Small 2
4671,ファルコホールディングス,9050,サービス業,7,TOPIX Small 2
4674,クレスコ,5250,情報・通信業,7,TOPIX Small 2
4676,フジ・メディア・ホールディングス,5250,情報・通信業,4,TOPIX Mid400
4678,秀英予備校,9050,サービス業,7,TOPIX Small 2
4679,田谷,9050,サービス業,7,TOPIX Small 2
4680,ラウンドワン,9050,サービス業,6,TOPIX Small 1
4681,リゾートトラスト,9050,サービス業,4,TOPIX Mid400
4684,オービック,5250,情報・通信業,4,TOPIX Mid400
4686,ジャストシステム,5250,情報・通信業,4,TOPIX Mid400
4687,ＴＤＣソフト,5250,情報・通信業,7,TOPIX Small 2
4689,Ｚホールディングス,5250,情報・通信業,2,TOPIX Large70
4694,ビー・エム・エル,9050,サービス業,6,TOPIX Small 1
4704,トレンドマイクロ,5250,情報・通信業,4,TOPIX Mid400
4708,りらいあコミュニケーションズ,9050,サービス業,6,TOPIX Small 1
4709,ＩＤホールディングス,5250,情報・通信業,7,TOPIX Small 2
4714,リソー教育,9050,サービス業,6,TOPIX Small 1
4716,日本オラクル,5250,情報・通信業,4,TOPIX Mid400
4718,早稲田アカデミー,9050,サービス業,7,TOPIX Small 2
4719,アルファシステムズ,5250,情報・通信業,7,TOPIX Small 2
4722,フューチャー,5250,情報・通信業,6,TOPIX Small 1
4725,ＣＡＣ　Ｈｏｌｄｉｎｇｓ,5250,情報・通信業,7,TOPIX Small 2
4726,ＳＢテクノロジー,5250,情報・通信業,7,TOPIX Small 2
4728,トーセ,5250,情報・通信業,7,TOPIX Small 2
4732,ユー・エス・エス,9050,サービス業,4,TOPIX Mid400
4733,オービックビジネスコンサルタント,5250,情報・通信業,6,TOPIX Small 1
4739,伊藤忠テクノソリューションズ,5250,情報・通信業,4,TOPIX Mid400
4743,アイティフォー,5250,情報・通信業,7,TOPIX Small 2
4745,東京個別指導学院,9050,サービス業,7,TOPIX Small 2
4746,東計電算,5250,情報・通信業,7,TOPIX Small 2
4751,サイバーエージェント,9050,サービス業,4,TOPIX Mid400
4755,楽天グループ,9050,サービス業,4,TOPIX Mid400
4762,エックスネット,5250,情報・通信業,7,TOPIX Small 2
4763,クリーク・アンド・リバー社,9050,サービス業,7,TOPIX Small 2
4765,モーニングスター,9050,サービス業,7,TOPIX Small 2
4767,テー・オー・ダブリュー,9050,サービス業,7,TOPIX Small 2
4768,大塚商会,5250,情報・通信業,4,TOPIX Mid400
4776,サイボウズ,5250,情報・通信業,6,TOPIX Small 1
4792,山田コンサルティンググループ,9050,サービス業,7,TOPIX Small 2
4801,セントラルスポーツ,9050,サービス業,7,TOPIX Small 2
4809,パラカ,8050,不動産業,7,TOPIX Small 2
4812,電通国際情報サービス,5250,情報・通信業,6,TOPIX Small 1
4813,ＡＣＣＥＳＳ,5250,情報・通信業,6,TOPIX Small 1
4819,デジタルガレージ,5250,情報・通信業,6,TOPIX Small 1
4820,イーエムシステムズ,5250,情報・通信業,7,TOPIX Small 2
4825,ウェザーニューズ,5250,情報・通信業,7,TOPIX Small 2
4826,ＣＩＪ,5250,情報・通信業,7,TOPIX Small 2
4828,ビジネスエンジニアリング,5250,情報・通信業,7,TOPIX Small 2
4829,日本エンタープライズ,5250,情報・通信業,7,TOPIX Small 2
4839,ＷＯＷＯＷ,5250,情報・通信業,7,TOPIX Small 2
4845,スカラ,5250,情報・通信業,7,TOPIX Small 2
4847,インテリジェント　ウェイブ,5250,情報・通信業,7,TOPIX Small 2
4848,フルキャストホールディングス,9050,サービス業,6,TOPIX Small 1
4849,エン・ジャパン,9050,サービス業,6,TOPIX Small 1
4886,あすか製薬ホールディングス,3250,医薬品,7,TOPIX Small 2
4887,サワイグループホールディングス,3250,医薬品,4,TOPIX Mid400
4901,富士フイルムホールディングス,3200,化学,2,TOPIX Large70
4902,コニカミノルタ,3650,電気機器,4,TOPIX Mid400
4911,資生堂,3200,化学,2,TOPIX Large70
4912,ライオン,3200,化学,4,TOPIX Mid400
4914,高砂香料工業,3200,化学,7,TOPIX Small 2
4917,マンダム,3200,化学,6,TOPIX Small 1
4919,ミルボン,3200,化学,4,TOPIX Mid400
4921,ファンケル,3200,化学,4,TOPIX Mid400
4922,コーセー,3200,化学,4,TOPIX Mid400
4923,コタ,3200,化学,7,TOPIX Small 2
4926,シーボン,3200,化学,7,TOPIX Small 2
4927,ポーラ・オルビスホールディングス,3200,化学,4,TOPIX Mid400
4928,ノエビアホールディングス,3200,化学,6,TOPIX Small 1
4929,アジュバンホールディングス,3200,化学,7,TOPIX Small 2
4931,新日本製薬,3200,化学,7,TOPIX Small 2
4951,エステー,3200,化学,7,TOPIX Small 2
4955,アグロ　カネショウ,3200,化学,7,TOPIX Small 2
4956,コニシ,3200,化学,7,TOPIX Small 2
4958,長谷川香料,3200,化学,6,TOPIX Small 1
4963,星光ＰＭＣ,3200,化学,7,TOPIX Small 2
4967,小林製薬,3200,化学,4,TOPIX Mid400
4968,荒川化学工業,3200,化学,7,TOPIX Small 2
4971,メック,3200,化学,6,TOPIX Small 1
4973,日本高純度化学,3200,化学,7,TOPIX Small 2
4974,タカラバイオ,3200,化学,6,TOPIX Small 1
4975,ＪＣＵ,3200,化学,6,TOPIX Small 1
4977,新田ゼラチン,3200,化学,7,TOPIX Small 2
4979,ＯＡＴアグリオ,3200,化学,7,TOPIX Small 2
4980,デクセリアルズ,3200,化学,6,TOPIX Small 1
4985,アース製薬,3200,化学,6,TOPIX Small 1
4992,北興化学工業,3200,化学,7,TOPIX Small 2
4994,大成ラミック,3200,化学,7,TOPIX Small 2
4996,クミアイ化学工業,3200,化学,6,TOPIX Small 1
4997,日本農薬,3200,化学,7,TOPIX Small 2
5009,富士興産,6050,卸売業,7,TOPIX Small 2
5011,ニチレキ,3300,石油・石炭製品,7,TOPIX Small 2
5013,ユシロ化学工業,3300,石油・石炭製品,7,TOPIX Small 2
5015,ビーピー・カストロール,3300,石油・石炭製品,7,TOPIX Small 2
5017,富士石油,3300,石油・石炭製品,7,TOPIX Small 2
5018,ＭＯＲＥＳＣＯ,3300,石油・石炭製品,7,TOPIX Small 2
5019,出光興産,3300,石油・石炭製品,4,TOPIX Mid400
5020,ＥＮＥＯＳホールディングス,3300,石油・石炭製品,2,TOPIX Large70
5021,コスモエネルギーホールディングス,3300,石油・石炭製品,4,TOPIX Mid400
5074,テスホールディングス,2050,建設業,7,TOPIX Small 2
5076,インフロニア・ホールディングス,2050,建設業,4,TOPIX Mid400
5101,横浜ゴム,3350,ゴム製品,4,TOPIX Mid400
5105,ＴＯＹＯ　ＴＩＲＥ,3350,ゴム製品,4,TOPIX Mid400
5108,ブリヂストン,3350,ゴム製品,2,TOPIX Large70
5110,住友ゴム工業,3350,ゴム製品,4,TOPIX Mid400
5121,藤倉コンポジット,3350,ゴム製品,7,TOPIX Small 2
5122,オカモト,3350,ゴム製品,6,TOPIX Small 1
5142,アキレス,3200,化学,7,TOPIX Small 2
5185,フコク,3350,ゴム製品,7,TOPIX Small 2
5186,ニッタ,3350,ゴム製品,7,TOPIX Small 2
5187,クリエートメディック,3750,精密機器,7,TOPIX Small 2
5191,住友理工,3350,ゴム製品,7,TOPIX Small 2
5192,三ツ星ベルト,3350,ゴム製品,7,TOPIX Small 2
5195,バンドー化学,3350,ゴム製品,7,TOPIX Small 2
5201,ＡＧＣ,3400,ガラス・土石製品,4,TOPIX Mid400
5202,日本板硝子,3400,ガラス・土石製品,6,TOPIX Small 1
5204,石塚硝子,3400,ガラス・土石製品,7,TOPIX Small 2
5208,有沢製作所,3200,化学,6,TOPIX Small 1
5210,日本山村硝子,3400,ガラス・土石製品,7,TOPIX Small 2
5214,日本電気硝子,3400,ガラス・土石製品,4,TOPIX Mid400
5218,オハラ,3400,ガラス・土石製品,7,TOPIX Small 2
5232,住友大阪セメント,3400,ガラス・土石製品,4,TOPIX Mid400
5233,太平洋セメント,3400,ガラス・土石製品,4,TOPIX Mid400
5261,リソルホールディングス,9050,サービス業,7,TOPIX Small 2
5262,日本ヒューム,3400,ガラス・土石製品,7,TOPIX Small 2
5269,日本コンクリート工業,3400,ガラス・土石製品,7,TOPIX Small 2
5273,三谷セキサン,3400,ガラス・土石製品,7,TOPIX Small 2
5288,アジアパイルホールディングス,3400,ガラス・土石製品,7,TOPIX Small 2
5301,東海カーボン,3400,ガラス・土石製品,4,TOPIX Mid400
5302,日本カーボン,3400,ガラス・土石製品,6,TOPIX Small 1
5310,東洋炭素,3400,ガラス・土石製品,6,TOPIX Small 1
5331,ノリタケカンパニーリミテド,3400,ガラス・土石製品,6,TOPIX Small 1
5332,ＴＯＴＯ,3400,ガラス・土石製品,4,TOPIX Mid400
5333,日本碍子,3400,ガラス・土石製品,4,TOPIX Mid400
5334,日本特殊陶業,3400,ガラス・土石製品,4,TOPIX Mid400
5337,ダントーホールディングス,3400,ガラス・土石製品,7,TOPIX Small 2
5344,ＭＡＲＵＷＡ,3400,ガラス・土石製品,6,TOPIX Small 1
5351,品川リフラクトリーズ,3400,ガラス・土石製品,7,TOPIX Small 2
5352,黒崎播磨,3400,ガラス・土石製品,7,TOPIX Small 2
5357,ヨータイ,3400,ガラス・土石製品,7,TOPIX Small 2
5358,イソライト工業,3400,ガラス・土石製品,7,TOPIX Small 2
5363,東京窯業,3400,ガラス・土石製品,7,TOPIX Small 2
5367,ニッカトー,3400,ガラス・土石製品,7,TOPIX Small 2
5384,フジミインコーポレーテッド,3400,ガラス・土石製品,6,TOPIX Small 1
5388,クニミネ工業,3400,ガラス・土石製品,7,TOPIX Small 2
5391,エーアンドエーマテリアル,3400,ガラス・土石製品,7,TOPIX Small 2
5393,ニチアス,3400,ガラス・土石製品,6,TOPIX Small 1
5401,日本製鉄,3450,鉄鋼,2,TOPIX Large70
5406,神戸製鋼所,3450,鉄鋼,4,TOPIX Mid400
5408,中山製鋼所,3450,鉄鋼,7,TOPIX Small 2
5410,合同製鐵,3450,鉄鋼,7,TOPIX Small 2
5411,ジェイ　エフ　イー　ホールディングス,3450,鉄鋼,4,TOPIX Mid400
5423,東京製鐵,3450,鉄鋼,6,TOPIX Small 1
5440,共英製鋼,3450,鉄鋼,6,TOPIX Small 1
5444,大和工業,3450,鉄鋼,4,TOPIX Mid400
5445,東京鐵鋼,3450,鉄鋼,7,TOPIX Small 2
5449,大阪製鐵,3450,鉄鋼,7,TOPIX Small 2
5451,淀川製鋼所,3450,鉄鋼,7,TOPIX Small 2
5463,丸一鋼管,3450,鉄鋼,4,TOPIX Mid400
5464,モリ工業,3450,鉄鋼,7,TOPIX Small 2
5471,大同特殊鋼,3450,鉄鋼,4,TOPIX Mid400
5476,日本高周波鋼業,3450,鉄鋼,7,TOPIX Small 2
5480,日本冶金工業,3450,鉄鋼,6,TOPIX Small 1
5481,山陽特殊製鋼,3450,鉄鋼,6,TOPIX Small 1
5482,愛知製鋼,3450,鉄鋼,7,TOPIX Small 2
5486,日立金属,3450,鉄鋼,4,TOPIX Mid400
5491,日本金属,3450,鉄鋼,7,TOPIX Small 2
5541,大平洋金属,3450,鉄鋼,6,TOPIX Small 1
5563,新日本電工,3450,鉄鋼,6,TOPIX Small 1
5602,栗本鐵工所,3450,鉄鋼,7,TOPIX Small 2
5603,虹技,3450,鉄鋼,7,TOPIX Small 2
5612,日本鋳鉄管,3450,鉄鋼,7,TOPIX Small 2
5631,日本製鋼所,3600,機械,4,TOPIX Mid400
5632,三菱製鋼,3450,鉄鋼,7,TOPIX Small 2
5658,日亜鋼業,3450,鉄鋼,7,TOPIX Small 2
5659,日本精線,3450,鉄鋼,7,TOPIX Small 2
5698,エンビプロ・ホールディングス,3450,鉄鋼,7,TOPIX Small 2
5702,大紀アルミニウム工業所,3500,非鉄金属,6,TOPIX Small 1
5703,日本軽金属ホールディングス,3500,非鉄金属,4,TOPIX Mid400
5706,三井金属鉱業,3500,非鉄金属,4,TOPIX Mid400
5707,東邦亜鉛,3500,非鉄金属,7,TOPIX Small 2
5711,三菱マテリアル,3500,非鉄金属,4,TOPIX Mid400
5713,住友金属鉱山,3500,非鉄金属,2,TOPIX Large70
5714,ＤＯＷＡホールディングス,3500,非鉄金属,4,TOPIX Mid400
5715,古河機械金属,3500,非鉄金属,6,TOPIX Small 1
5721,エス・サイエンス,3500,非鉄金属,7,TOPIX Small 2
5726,大阪チタニウムテクノロジーズ,3500,非鉄金属,7,TOPIX Small 2
5727,東邦チタニウム,3500,非鉄金属,6,TOPIX Small 1
5741,ＵＡＣＪ,3500,非鉄金属,6,TOPIX Small 1
5757,ＣＫサンエツ,3500,非鉄金属,7,TOPIX Small 2
5801,古河電気工業,3500,非鉄金属,4,TOPIX Mid400
5802,住友電気工業,3500,非鉄金属,2,TOPIX Large70
5803,フジクラ,3500,非鉄金属,6,TOPIX Small 1
5805,昭和電線ホールディングス,3500,非鉄金属,6,TOPIX Small 1
5807,東京特殊電線,3500,非鉄金属,7,TOPIX Small 2
5809,タツタ電線,3500,非鉄金属,7,TOPIX Small 2
5819,カナレ電気,3500,非鉄金属,7,TOPIX Small 2
5821,平河ヒューテック,3500,非鉄金属,7,TOPIX Small 2
5851,リョービ,3500,非鉄金属,6,TOPIX Small 1
5852,アーレスティ,3500,非鉄金属,7,TOPIX Small 2
5857,アサヒホールディングス,3500,非鉄金属,6,TOPIX Small 1
5901,東洋製罐グループホールディングス,3550,金属製品,4,TOPIX Mid400
5902,ホッカンホールディングス,3550,金属製品,7,TOPIX Small 2
5909,コロナ,3550,金属製品,7,TOPIX Small 2
5911,横河ブリッジホールディングス,3550,金属製品,6,TOPIX Small 1
5915,駒井ハルテック,3550,金属製品,7,TOPIX Small 2
5923,高田機工,3550,金属製品,7,TOPIX Small 2
5929,三和ホールディングス,3550,金属製品,4,TOPIX Mid400
5930,文化シヤッター,3550,金属製品,6,TOPIX Small 1
5932,三協立山,3550,金属製品,7,TOPIX Small 2
5933,アルインコ,3550,金属製品,7,TOPIX Small 2
5936,東洋シヤッター,3550,金属製品,7,TOPIX Small 2
5938,ＬＩＸＩＬ,3550,金属製品,4,TOPIX Mid400
5942,日本フイルコン,3550,金属製品,7,TOPIX Small 2
5943,ノーリツ,3550,金属製品,7,TOPIX Small 2
5946,長府製作所,3550,金属製品,7,TOPIX Small 2
5947,リンナイ,3550,金属製品,4,TOPIX Mid400
5949,ユニプレス,3700,輸送用機器,6,TOPIX Small 1
5951,ダイニチ工業,3550,金属製品,7,TOPIX Small 2
5957,日東精工,3550,金属製品,7,TOPIX Small 2
5958,三洋工業,3550,金属製品,7,TOPIX Small 2
5959,岡部,3550,金属製品,7,TOPIX Small 2
5970,ジーテクト,3550,金属製品,7,TOPIX Small 2
5975,東プレ,3550,金属製品,6,TOPIX Small 1
5976,高周波熱錬,3550,金属製品,7,TOPIX Small 2
5981,東京製綱,3550,金属製品,7,TOPIX Small 2
5985,サンコール,3550,金属製品,7,TOPIX Small 2
5986,モリテック　スチール,3550,金属製品,7,TOPIX Small 2
5988,パイオラックス,3550,金属製品,7,TOPIX Small 2
5989,エイチワン,3550,金属製品,7,TOPIX Small 2
5991,日本発條,3550,金属製品,4,TOPIX Mid400
5992,中央発條,3550,金属製品,7,TOPIX Small 2
5998,アドバネクス,3550,金属製品,7,TOPIX Small 2
6005,三浦工業,3600,機械,4,TOPIX Mid400
6013,タクマ,3600,機械,6,TOPIX Small 1
6028,テクノプロ・ホールディングス,9050,サービス業,4,TOPIX Mid400
6029,アトラグループ,9050,サービス業,7,TOPIX Small 2
6032,インターワークス,9050,サービス業,7,TOPIX Small 2
6035,アイ・アールジャパンホールディングス,9050,サービス業,6,TOPIX Small 1
6036,ＫｅｅＰｅｒ技研,9050,サービス業,6,TOPIX Small 1
6037,ファーストロジック,9050,サービス業,7,TOPIX Small 2
6044,三機サービス,9050,サービス業,7,TOPIX Small 2
6047,Ｇｕｎｏｓｙ,9050,サービス業,7,TOPIX Small 2
6048,デザインワン・ジャパン,9050,サービス業,7,TOPIX Small 2
6050,イー・ガーディアン,9050,サービス業,6,TOPIX Small 1
6054,リブセンス,9050,サービス業,7,TOPIX Small 2
6055,ジャパンマテリアル,9050,サービス業,6,TOPIX Small 1
6058,ベクトル,9050,サービス業,6,TOPIX Small 1
6059,ウチヤマホールディングス,9050,サービス業,7,TOPIX Small 2
6062,チャーム・ケア・コーポレーション,9050,サービス業,7,TOPIX Small 2
6070,キャリアリンク,9050,サービス業,7,TOPIX Small 2
6071,ＩＢＪ,9050,サービス業,7,TOPIX Small 2
6073,アサンテ,9050,サービス業,7,TOPIX Small 2
6078,バリューＨＲ,9050,サービス業,7,TOPIX Small 2
6080,Ｍ＆Ａキャピタルパートナーズ,9050,サービス業,6,TOPIX Small 1
6082,ライドオンエクスプレスホールディングス,9050,サービス業,7,TOPIX Small 2
6083,ＥＲＩホールディングス,9050,サービス業,7,TOPIX Small 2
6087,アビスト,9050,サービス業,7,TOPIX Small 2
6088,シグマクシス・ホールディングス,9050,サービス業,6,TOPIX Small 1
6089,ウィルグループ,9050,サービス業,7,TOPIX Small 2
6093,エスクロー・エージェント・ジャパン,9050,サービス業,7,TOPIX Small 2
6095,メドピア,9050,サービス業,6,TOPIX Small 1
6096,レアジョブ,9050,サービス業,7,TOPIX Small 2
6098,リクルートホールディングス,9050,サービス業,1,TOPIX Core30
6099,エラン,9050,サービス業,6,TOPIX Small 1
6101,ツガミ,3600,機械,6,TOPIX Small 1
6103,オークマ,3600,機械,4,TOPIX Mid400
6104,芝浦機械,3600,機械,6,TOPIX Small 1
6113,アマダ,3600,機械,4,TOPIX Mid400
6118,アイダエンジニアリング,3600,機械,6,TOPIX Small 1
6121,滝澤鉄工所,3600,機械,7,TOPIX Small 2
6134,ＦＵＪＩ,3600,機械,4,TOPIX Mid400
6135,牧野フライス製作所,3600,機械,6,TOPIX Small 1
6136,オーエスジー,3600,機械,4,TOPIX Mid400
6138,ダイジェット工業,3600,機械,7,TOPIX Small 2
6140,旭ダイヤモンド工業,3600,機械,6,TOPIX Small 1
6141,ＤＭＧ森精機,3600,機械,4,TOPIX Mid400
6143,ソディック,3600,機械,6,TOPIX Small 1
6146,ディスコ,3600,機械,4,TOPIX Mid400
6151,日東工器,3600,機械,7,TOPIX Small 2
6157,日進工具,3600,機械,7,TOPIX Small 2
6165,パンチ工業,3600,機械,7,TOPIX Small 2
6167,冨士ダイス,3600,機械,7,TOPIX Small 2
6171,土木管理総合試験所,9050,サービス業,7,TOPIX Small 2
6175,ネットマーケティング,9050,サービス業,7,TOPIX Small 2
6178,日本郵政,9050,サービス業,2,TOPIX Large70
6183,ベルシステム２４ホールディングス,9050,サービス業,6,TOPIX Small 1
6184,鎌倉新書,9050,サービス業,7,TOPIX Small 2
6185,ＳＭＮ,9050,サービス業,7,TOPIX Small 2
6186,一蔵,9050,サービス業,7,TOPIX Small 2
6189,グローバルキッズＣＯＭＰＡＮＹ,9050,サービス業,7,TOPIX Small 2
6191,エアトリ,9050,サービス業,6,TOPIX Small 1
6194,アトラエ,9050,サービス業,6,TOPIX Small 1
6196,ストライク,9050,サービス業,6,TOPIX Small 1
6197,ソラスト,9050,サービス業,6,TOPIX Small 1
6199,セラク,9050,サービス業,7,TOPIX Small 2
6200,インソース,9050,サービス業,6,TOPIX Small 1
6201,豊田自動織機,3700,輸送用機器,4,TOPIX Mid400
6203,豊和工業,3600,機械,7,TOPIX Small 2
6205,ＯＫＫ,3600,機械,7,TOPIX Small 2
6208,石川製作所,3600,機械,7,TOPIX Small 2
6210,東洋機械金属,3600,機械,7,TOPIX Small 2
6217,津田駒工業,3600,機械,7,TOPIX Small 2
6218,エンシュウ,3600,機械,7,TOPIX Small 2
6222,島精機製作所,3600,機械,6,TOPIX Small 1
6235,オプトラン,3600,機械,6,TOPIX Small 1
6236,ＮＣホールディングス,3600,機械,7,TOPIX Small 2
6237,イワキポンプ,3600,機械,7,TOPIX Small 2
6238,フリュー,3600,機械,6,TOPIX Small 1
6240,ヤマシンフィルタ,3600,機械,6,TOPIX Small 1
6247,日阪製作所,3600,機械,7,TOPIX Small 2
6250,やまびこ,3600,機械,7,TOPIX Small 2
6254,野村マイクロ・サイエンス,3600,機械,7,TOPIX Small 2
6258,平田機工,3600,機械,6,TOPIX Small 1
6262,ペガサスミシン製造,3600,機械,7,TOPIX Small 2
6264,マルマエ,3600,機械,7,TOPIX Small 2
6266,タツモ,3600,機械,7,TOPIX Small 2
6268,ナブテスコ,3600,機械,4,TOPIX Mid400
6269,三井海洋開発,3600,機械,6,TOPIX Small 1
6272,レオン自動機,3600,機械,6,TOPIX Small 1
6273,ＳＭＣ,3600,機械,1,TOPIX Core30
6277,ホソカワミクロン,3600,機械,6,TOPIX Small 1
6278,ユニオンツール,3600,機械,7,TOPIX Small 2
6282,オイレス工業,3600,機械,7,TOPIX Small 2
6284,日精エー・エス・ビー機械,3600,機械,6,TOPIX Small 1
6287,サトーホールディングス,3600,機械,6,TOPIX Small 1
6289,技研製作所,3600,機械,6,TOPIX Small 1
6291,日本エアーテック,3600,機械,7,TOPIX Small 2
6292,カワタ,3600,機械,7,TOPIX Small 2
6293,日精樹脂工業,3600,機械,7,TOPIX Small 2
6294,オカダアイヨン,3600,機械,7,TOPIX Small 2
6298,ワイエイシイホールディングス,3600,機械,7,TOPIX Small 2
6301,小松製作所,3600,機械,2,TOPIX Large70
6302,住友重機械工業,3600,機械,4,TOPIX Mid400
6305,日立建機,3600,機械,4,TOPIX Mid400
6306,日工,3600,機械,7,TOPIX Small 2
6309,巴工業,3600,機械,7,TOPIX Small 2
6310,井関農機,3600,機械,7,TOPIX Small 2
6315,ＴＯＷＡ,3600,機械,6,TOPIX Small 1
6316,丸山製作所,3600,機械,7,TOPIX Small 2
6317,北川鉄工所,3600,機械,7,TOPIX Small 2
6319,シンニッタン,3450,鉄鋼,7,TOPIX Small 2
6323,ローツェ,3600,機械,6,TOPIX Small 1
6325,タカキタ,3600,機械,7,TOPIX Small 2
6326,クボタ,3600,機械,2,TOPIX Large70
6328,荏原実業,3600,機械,7,TOPIX Small 2
6330,東洋エンジニアリング,2050,建設業,7,TOPIX Small 2
6331,三菱化工機,3600,機械,7,TOPIX Small 2
6332,月島機械,3600,機械,7,TOPIX Small 2
6333,帝国電機製作所,3600,機械,7,TOPIX Small 2
6335,東京機械製作所,3600,機械,7,TOPIX Small 2
6339,新東工業,3600,機械,7,TOPIX Small 2
6340,澁谷工業,3600,機械,6,TOPIX Small 1
6345,アイチ　コーポレーション,3600,機械,7,TOPIX Small 2
6349,小森コーポレーション,3600,機械,7,TOPIX Small 2
6351,鶴見製作所,3600,機械,7,TOPIX Small 2
6355,住友精密工業,3600,機械,7,TOPIX Small 2
6356,日本ギア工業,3600,機械,7,TOPIX Small 2
6358,酒井重工業,3600,機械,7,TOPIX Small 2
6361,荏原製作所,3600,機械,4,TOPIX Mid400
6362,石井鐵工所,3600,機械,7,TOPIX Small 2
6363,酉島製作所,3600,機械,7,TOPIX Small 2
6364,北越工業,3600,機械,7,TOPIX Small 2
6367,ダイキン工業,3600,機械,1,TOPIX Core30
6368,オルガノ,3600,機械,6,TOPIX Small 1
6369,トーヨーカネツ,3600,機械,7,TOPIX Small 2
6370,栗田工業,3600,機械,4,TOPIX Mid400
6371,椿本チエイン,3600,機械,6,TOPIX Small 1
6373,大同工業,3600,機械,7,TOPIX Small 2
6376,日機装,3750,精密機器,6,TOPIX Small 1
6378,木村化工機,3600,機械,7,TOPIX Small 2
6379,レイズネクスト,2050,建設業,7,TOPIX Small 2
6381,アネスト岩田,3600,機械,7,TOPIX Small 2
6383,ダイフク,3600,機械,4,TOPIX Mid400
6387,サムコ,3600,機械,7,TOPIX Small 2
6390,加藤製作所,3600,機械,7,TOPIX Small 2
6393,油研工業,3600,機械,7,TOPIX Small 2
6395,タダノ,3600,機械,4,TOPIX Mid400
6406,フジテック,3600,機械,4,TOPIX Mid400
6407,ＣＫＤ,3600,機械,6,TOPIX Small 1
6409,キトー,3600,機械,7,TOPIX Small 2
6412,平和,3600,機械,6,TOPIX Small 1
6413,理想科学工業,3600,機械,7,TOPIX Small 2
6417,ＳＡＮＫＹＯ,3600,機械,4,TOPIX Mid400
6418,日本金銭機械,3600,機械,7,TOPIX Small 2
6419,マースグループホールディングス,3600,機械,7,TOPIX Small 2
6420,フクシマガリレイ,3600,機械,7,TOPIX Small 2
6428,オーイズミ,3600,機械,7,TOPIX Small 2
6430,ダイコク電機,3600,機械,7,TOPIX Small 2
6432,竹内製作所,3600,機械,6,TOPIX Small 1
6436,アマノ,3600,機械,4,TOPIX Mid400
6440,ＪＵＫＩ,3600,機械,7,TOPIX Small 2
6444,サンデン,3600,機械,7,TOPIX Small 2
6445,ジャノメ,3600,機械,7,TOPIX Small 2
6448,ブラザー工業,3650,電気機器,4,TOPIX Mid400
6454,マックス,3600,機械,6,TOPIX Small 1
6455,モリタホールディングス,3700,輸送用機器,7,TOPIX Small 2
6457,グローリー,3600,機械,4,TOPIX Mid400
6458,新晃工業,3600,機械,7,TOPIX Small 2
6459,大和冷機工業,3600,機械,7,TOPIX Small 2
6460,セガサミーホールディングス,3600,機械,4,TOPIX Mid400
6461,日本ピストンリング,3600,機械,7,TOPIX Small 2
6462,リケン,3600,機械,7,TOPIX Small 2
6463,ＴＰＲ,3600,機械,6,TOPIX Small 1
6464,ツバキ・ナカシマ,3600,機械,6,TOPIX Small 1
6465,ホシザキ,3600,機械,4,TOPIX Mid400
6470,大豊工業,3600,機械,7,TOPIX Small 2
6471,日本精工,3600,機械,4,TOPIX Mid400
6472,ＮＴＮ,3600,機械,4,TOPIX Mid400
6473,ジェイテクト,3600,機械,4,TOPIX Mid400
6474,不二越,3600,機械,6,TOPIX Small 1
6479,ミネベアミツミ,3650,電気機器,4,TOPIX Mid400
6480,日本トムソン,3600,機械,6,TOPIX Small 1
6481,ＴＨＫ,3600,機械,4,TOPIX Mid400
6482,ユーシン精機,3600,機械,7,TOPIX Small 2
6485,前澤給装工業,3600,機械,7,TOPIX Small 2
6486,イーグル工業,3600,機械,6,TOPIX Small 1
6489,前澤工業,3600,機械,7,TOPIX Small 2
6490,日本ピラー工業,3600,機械,7,TOPIX Small 2
6498,キッツ,3600,機械,6,TOPIX Small 1
6501,日立製作所,3650,電気機器,1,TOPIX Core30
6502,東芝,3650,電気機器,2,TOPIX Large70
6503,三菱電機,3650,電気機器,2,TOPIX Large70
6504,富士電機,3650,電気機器,4,TOPIX Mid400
6505,東洋電機製造,3650,電気機器,7,TOPIX Small 2
6506,安川電機,3650,電気機器,4,TOPIX Mid400
6507,シンフォニアテクノロジー,3650,電気機器,6,TOPIX Small 1
6508,明電舎,3650,電気機器,6,TOPIX Small 1
6513,オリジン,3650,電気機器,7,TOPIX Small 2
6516,山洋電気,3650,電気機器,6,TOPIX Small 1
6517,デンヨー,3650,電気機器,7,TOPIX Small 2
6523,ＰＨＣホールディングス,3650,電気機器,7,TOPIX Small 2
6532,ベイカレント・コンサルティング,9050,サービス業,4,TOPIX Mid400
6533,Ｏｒｃｈｅｓｔｒａ　Ｈｏｌｄｉｎｇｓ,9050,サービス業,7,TOPIX Small 2
6535,アイモバイル,9050,サービス業,7,TOPIX Small 2
6538,キャリアインデックス,9050,サービス業,7,TOPIX Small 2
6539,ＭＳ－Ｊａｐａｎ,9050,サービス業,7,TOPIX Small 2
6540,船場,9050,サービス業,7,TOPIX Small 2
6541,グレイステクノロジー,9050,サービス業,6,TOPIX Small 1
6544,ジャパンエレベーターサービスホールディングス,9050,サービス業,6,TOPIX Small 1
6546,フルテック,9050,サービス業,7,TOPIX Small 2
6547,グリーンズ,9050,サービス業,7,TOPIX Small 2
6551,ツナググループ・ホールディングス,9050,サービス業,7,TOPIX Small 2
6552,ＧａｍｅＷｉｔｈ,9050,サービス業,7,TOPIX Small 2
6553,ソウルドアウト,9050,サービス業,7,TOPIX Small 2
6555,ＭＳ＆Ｃｏｎｓｕｌｔｉｎｇ,9050,サービス業,7,TOPIX Small 2
6556,ウェルビー,9050,サービス業,7,TOPIX Small 2
6560,エル・ティー・エス,9050,サービス業,7,TOPIX Small 2
6564,ミダックホールディングス,9050,サービス業,6,TOPIX Small 1
6569,日総工産,9050,サービス業,7,TOPIX Small 2
6571,キュービーネットホールディングス,9050,サービス業,7,TOPIX Small 2
6572,ＲＰＡホールディングス,9050,サービス業,7,TOPIX Small 2
6584,三櫻工業,3700,輸送用機器,6,TOPIX Small 1
6586,マキタ,3600,機械,2,TOPIX Large70
6588,東芝テック,3650,電気機器,6,TOPIX Small 1
6590,芝浦メカトロニクス,3650,電気機器,6,TOPIX Small 1
6592,マブチモーター,3650,電気機器,4,TOPIX Mid400
6594,日本電産,3650,電気機器,1,TOPIX Core30
6615,ユー・エム・シー・エレクトロニクス,3650,電気機器,7,TOPIX Small 2
6616,トレックス・セミコンダクター,3650,電気機器,6,TOPIX Small 1
6617,東光高岳,3650,電気機器,7,TOPIX Small 2
6619,ダブル・スコープ,3650,電気機器,6,TOPIX Small 1
6620,宮越ホールディングス,8050,不動産業,7,TOPIX Small 2
6622,ダイヘン,3650,電気機器,6,TOPIX Small 1
6630,ヤーマン,3650,電気機器,6,TOPIX Small 1
6632,ＪＶＣケンウッド,3650,電気機器,6,TOPIX Small 1
6638,ミマキエンジニアリング,3650,電気機器,7,TOPIX Small 2
6640,Ｉ－ＰＥＸ,3650,電気機器,7,TOPIX Small 2
6641,日新電機,3650,電気機器,6,TOPIX Small 1
6644,大崎電気工業,3650,電気機器,7,TOPIX Small 2
6645,オムロン,3650,電気機器,2,TOPIX Large70
6651,日東工業,3650,電気機器,6,TOPIX Small 1
6652,ＩＤＥＣ,3650,電気機器,6,TOPIX Small 1
6653,正興電機製作所,3650,電気機器,7,TOPIX Small 2
6654,不二電機工業,3650,電気機器,7,TOPIX Small 2
6674,ジーエス・ユアサ　コーポレーション,3650,電気機器,4,TOPIX Mid400
6675,サクサホールディングス,3650,電気機器,7,TOPIX Small 2
6676,メルコホールディングス,3650,電気機器,7,TOPIX Small 2
6678,テクノメディカ,3650,電気機器,7,TOPIX Small 2
6699,ダイヤモンドエレクトリックホールディングス,3650,電気機器,7,TOPIX Small 2
6701,日本電気,3650,電気機器,4,TOPIX Mid400
6702,富士通,3650,電気機器,2,TOPIX Large70
6703,沖電気工業,3650,電気機器,6,TOPIX Small 1
6704,岩崎通信機,3650,電気機器,7,TOPIX Small 2
6706,電気興業,3650,電気機器,7,TOPIX Small 2
6707,サンケン電気,3650,電気機器,6,TOPIX Small 1
6715,ナカヨ,3650,電気機器,7,TOPIX Small 2
6718,アイホン,3650,電気機器,7,TOPIX Small 2
6723,ルネサスエレクトロニクス,3650,電気機器,4,TOPIX Mid400
6724,セイコーエプソン,3650,電気機器,4,TOPIX Mid400
6727,ワコム,3650,電気機器,6,TOPIX Small 1
6728,アルバック,3650,電気機器,4,TOPIX Mid400
6730,アクセル,3650,電気機器,7,TOPIX Small 2
6737,ＥＩＺＯ,3650,電気機器,6,TOPIX Small 1
6740,ジャパンディスプレイ,3650,電気機器,6,TOPIX Small 1
6741,日本信号,3650,電気機器,6,TOPIX Small 1
6742,京三製作所,3650,電気機器,7,TOPIX Small 2
6744,能美防災,3650,電気機器,6,TOPIX Small 1
6745,ホーチキ,3650,電気機器,7,TOPIX Small 2
6748,星和電機,3650,電気機器,7,TOPIX Small 2
6750,エレコム,3650,電気機器,6,TOPIX Small 1
6752,パナソニック,3650,電気機器,2,TOPIX Large70
6753,シャープ,3650,電気機器,4,TOPIX Mid400
6754,アンリツ,3650,電気機器,4,TOPIX Mid400
6755,富士通ゼネラル,3650,電気機器,4,TOPIX Mid400
6758,ソニーグループ,3650,電気機器,1,TOPIX Core30
6762,ＴＤＫ,3650,電気機器,4,TOPIX Mid400
6763,帝国通信工業,3650,電気機器,7,TOPIX Small 2
6768,タムラ製作所,3650,電気機器,6,TOPIX Small 1
6770,アルプスアルパイン,3650,電気機器,4,TOPIX Mid400
6771,池上通信機,3650,電気機器,7,TOPIX Small 2
6779,日本電波工業,3650,電気機器,7,TOPIX Small 2
6785,鈴木,3650,電気機器,7,TOPIX Small 2
6787,メイコー,3650,電気機器,6,TOPIX Small 1
6788,日本トリム,3650,電気機器,7,TOPIX Small 2
6789,ローランド　ディー．ジー．,3650,電気機器,7,TOPIX Small 2
6794,フォスター電機,3650,電気機器,7,TOPIX Small 2
6798,ＳＭＫ,3650,電気機器,7,TOPIX Small 2
6800,ヨコオ,3650,電気機器,6,TOPIX Small 1
6803,ティアック,3650,電気機器,7,TOPIX Small 2
6804,ホシデン,3650,電気機器,6,TOPIX Small 1
6806,ヒロセ電機,3650,電気機器,4,TOPIX Mid400
6807,日本航空電子工業,3650,電気機器,6,TOPIX Small 1
6809,ＴＯＡ,3650,電気機器,7,TOPIX Small 2
6810,マクセル,3650,電気機器,6,TOPIX Small 1
6814,古野電気,3650,電気機器,6,TOPIX Small 1
6815,ユニデンホールディングス,3650,電気機器,7,TOPIX Small 2
6817,スミダコーポレーション,3650,電気機器,6,TOPIX Small 1
6820,アイコム,3650,電気機器,7,TOPIX Small 2
6823,リオン,3650,電気機器,7,TOPIX Small 2
6826,本多通信工業,3650,電気機器,7,TOPIX Small 2
6841,横河電機,3650,電気機器,4,TOPIX Mid400
6844,新電元工業,3650,電気機器,6,TOPIX Small 1
6845,アズビル,3650,電気機器,4,TOPIX Mid400
6848,東亜ディーケーケー,3650,電気機器,7,TOPIX Small 2
6849,日本光電工業,3650,電気機器,4,TOPIX Mid400
6850,チノー,3650,電気機器,7,TOPIX Small 2
6853,共和電業,3650,電気機器,7,TOPIX Small 2
6855,日本電子材料,3650,電気機器,7,TOPIX Small 2
6856,堀場製作所,3650,電気機器,4,TOPIX Mid400
6857,アドバンテスト,3650,電気機器,4,TOPIX Mid400
6858,小野測器,3650,電気機器,7,TOPIX Small 2
6859,エスペック,3650,電気機器,6,TOPIX Small 1
6861,キーエンス,3650,電気機器,1,TOPIX Core30
6866,日置電機,3650,電気機器,7,TOPIX Small 2
6869,シスメックス,3650,電気機器,2,TOPIX Large70
6871,日本マイクロニクス,3650,電気機器,6,TOPIX Small 1
6875,メガチップス,3650,電気機器,6,TOPIX Small 1
6877,ＯＢＡＲＡ　ＧＲＯＵＰ,3650,電気機器,6,TOPIX Small 1
6879,ＩＭＡＧＩＣＡ　ＧＲＯＵＰ,5250,情報・通信業,7,TOPIX Small 2
6901,澤藤電機,3650,電気機器,7,TOPIX Small 2
6902,デンソー,3700,輸送用機器,2,TOPIX Large70
6904,原田工業,3650,電気機器,7,TOPIX Small 2
6905,コーセル,3650,電気機器,6,TOPIX Small 1
6908,イリソ電子工業,3650,電気機器,6,TOPIX Small 1
6914,オプテックスグループ,3650,電気機器,6,TOPIX Small 1
6915,千代田インテグレ,3650,電気機器,7,TOPIX Small 2
6916,アイ・オー・データ機器,3650,電気機器,7,TOPIX Small 2
6920,レーザーテック,3650,電気機器,2,TOPIX Large70
6923,スタンレー電気,3650,電気機器,4,TOPIX Mid400
6924,岩崎電気,3650,電気機器,7,TOPIX Small 2
6925,ウシオ電機,3650,電気機器,4,TOPIX Mid400
6926,岡谷電機産業,3650,電気機器,7,TOPIX Small 2
6927,ヘリオス　テクノ　ホールディング,3650,電気機器,7,TOPIX Small 2
6928,エノモト,3650,電気機器,7,TOPIX Small 2
6929,日本セラミック,3650,電気機器,6,TOPIX Small 1
6932,遠藤照明,3650,電気機器,7,TOPIX Small 2
6937,古河電池,3650,電気機器,7,TOPIX Small 2
6938,双信電機,3650,電気機器,7,TOPIX Small 2
6941,山一電機,3650,電気機器,7,TOPIX Small 2
6947,図研,3650,電気機器,7,TOPIX Small 2
6951,日本電子,3650,電気機器,4,TOPIX Mid400
6952,カシオ計算機,3650,電気機器,4,TOPIX Mid400
6954,ファナック,3650,電気機器,1,TOPIX Core30
6958,日本シイエムケイ,3650,電気機器,7,TOPIX Small 2
6961,エンプラス,3650,電気機器,6,TOPIX Small 1
6962,大真空,3650,電気機器,6,TOPIX Small 1
6963,ローム,3650,電気機器,4,TOPIX Mid400
6965,浜松ホトニクス,3650,電気機器,4,TOPIX Mid400
6966,三井ハイテック,3650,電気機器,6,TOPIX Small 1
6967,新光電気工業,3650,電気機器,4,TOPIX Mid400
6971,京セラ,3650,電気機器,2,TOPIX Large70
6973,協栄産業,6050,卸売業,7,TOPIX Small 2
6976,太陽誘電,3650,電気機器,4,TOPIX Mid400
6981,村田製作所,3650,電気機器,1,TOPIX Core30
6986,双葉電子工業,3650,電気機器,7,TOPIX Small 2
6988,日東電工,3200,化学,4,TOPIX Mid400
6989,北陸電気工業,3650,電気機器,7,TOPIX Small 2
6995,東海理化電機製作所,3700,輸送用機器,6,TOPIX Small 1
6996,ニチコン,3650,電気機器,6,TOPIX Small 1
6997,日本ケミコン,3650,電気機器,6,TOPIX Small 1
6999,ＫＯＡ,3650,電気機器,6,TOPIX Small 1
7003,三井Ｅ＆Ｓホールディングス,3600,機械,6,TOPIX Small 1
7004,日立造船,3600,機械,6,TOPIX Small 1
7011,三菱重工業,3600,機械,2,TOPIX Large70
7012,川崎重工業,3700,輸送用機器,4,TOPIX Mid400
7013,ＩＨＩ,3600,機械,4,TOPIX Mid400
7014,名村造船所,3700,輸送用機器,7,TOPIX Small 2
7022,サノヤスホールディングス,3600,機械,7,TOPIX Small 2
7030,スプリックス,9050,サービス業,7,TOPIX Small 2
7033,マネジメントソリューションズ,9050,サービス業,6,TOPIX Small 1
7034,プロレド・パートナーズ,9050,サービス業,7,TOPIX Small 2
7035,ａｎｄ　ｆａｃｔｏｒｙ,9050,サービス業,7,TOPIX Small 2
7037,テノ．ホールディングス,9050,サービス業,7,TOPIX Small 2
7038,フロンティア・マネジメント,9050,サービス業,7,TOPIX Small 2
7044,ピアラ,9050,サービス業,7,TOPIX Small 2
7059,コプロ・ホールディングス,9050,サービス業,7,TOPIX Small 2
7060,ギークス,9050,サービス業,7,TOPIX Small 2
7085,カーブスホールディングス,9050,サービス業,6,TOPIX Small 1
7088,フォーラムエンジニアリング,9050,サービス業,7,TOPIX Small 2
7092,Ｆａｓｔ　Ｆｉｔｎｅｓｓ　Ｊａｐａｎ,9050,サービス業,7,TOPIX Small 2
7102,日本車輌製造,3700,輸送用機器,7,TOPIX Small 2
7105,三菱ロジスネクスト,3700,輸送用機器,6,TOPIX Small 1
7122,近畿車輛,3700,輸送用機器,7,TOPIX Small 2
7127,一家ホールディングス,6100,小売業,7,TOPIX Small 2
7128,フルサト・マルカホールディングス,6050,卸売業,7,TOPIX Small 2
7130,ヤマエグループホールディングス,6050,卸売業,7,TOPIX Small 2
7135,藤久ホールディングス,6100,小売業,7,TOPIX Small 2
7148,ＦＰＧ,7100,証券、商品先物取引業,6,TOPIX Small 1
7150,島根銀行,7050,銀行業,7,TOPIX Small 2
7161,じもとホールディングス,7050,銀行業,7,TOPIX Small 2
7164,全国保証,7200,その他金融業,4,TOPIX Mid400
7167,めぶきフィナンシャルグループ,7050,銀行業,4,TOPIX Mid400
7172,ジャパンインベストメントアドバイザー,7100,証券、商品先物取引業,7,TOPIX Small 2
7173,東京きらぼしフィナンシャルグループ,7050,銀行業,7,TOPIX Small 2
7180,九州フィナンシャルグループ,7050,銀行業,4,TOPIX Mid400
7181,かんぽ生命保険,7150,保険業,4,TOPIX Mid400
7182,ゆうちょ銀行,7050,銀行業,4,TOPIX Mid400
7183,あんしん保証,7200,その他金融業,7,TOPIX Small 2
7184,富山第一銀行,7050,銀行業,7,TOPIX Small 2
7186,コンコルディア・フィナンシャルグループ,7050,銀行業,4,TOPIX Mid400
7187,ジェイリース,7200,その他金融業,7,TOPIX Small 2
7189,西日本フィナンシャルホールディングス,7050,銀行業,6,TOPIX Small 1
7191,イントラスト,7200,その他金融業,7,TOPIX Small 2
7192,日本モーゲージサービス,7200,その他金融業,7,TOPIX Small 2
7196,Ｃａｓａ,7200,その他金融業,7,TOPIX Small 2
7198,アルヒ,7200,その他金融業,6,TOPIX Small 1
7199,プレミアグループ,7200,その他金融業,6,TOPIX Small 1
7201,日産自動車,3700,輸送用機器,2,TOPIX Large70
7202,いすゞ自動車,3700,輸送用機器,4,TOPIX Mid400
7203,トヨタ自動車,3700,輸送用機器,1,TOPIX Core30
7205,日野自動車,3700,輸送用機器,4,TOPIX Mid400
7211,三菱自動車工業,3700,輸送用機器,4,TOPIX Mid400
7212,エフテック,3700,輸送用機器,7,TOPIX Small 2
7213,レシップホールディングス,3700,輸送用機器,7,TOPIX Small 2
7214,ＧＭＢ,3700,輸送用機器,7,TOPIX Small 2
7215,ファルテック,3700,輸送用機器,7,TOPIX Small 2
7220,武蔵精密工業,3700,輸送用機器,6,TOPIX Small 1
7222,日産車体,3700,輸送用機器,7,TOPIX Small 2
7224,新明和工業,3700,輸送用機器,6,TOPIX Small 1
7226,極東開発工業,3700,輸送用機器,7,TOPIX Small 2
7231,トピー工業,3700,輸送用機器,7,TOPIX Small 2
7236,ティラド,3700,輸送用機器,7,TOPIX Small 2
7238,曙ブレーキ工業,3700,輸送用機器,7,TOPIX Small 2
7239,タチエス,3700,輸送用機器,7,TOPIX Small 2
7240,ＮＯＫ,3700,輸送用機器,4,TOPIX Mid400
7241,フタバ産業,3700,輸送用機器,6,TOPIX Small 1
7242,ＫＹＢ,3700,輸送用機器,6,TOPIX Small 1
7244,市光工業,3650,電気機器,7,TOPIX Small 2
7245,大同メタル工業,3700,輸送用機器,7,TOPIX Small 2
7246,プレス工業,3700,輸送用機器,6,TOPIX Small 1
7247,ミクニ,3700,輸送用機器,7,TOPIX Small 2
7250,太平洋工業,3700,輸送用機器,6,TOPIX Small 1
7256,河西工業,3700,輸送用機器,7,TOPIX Small 2
7259,アイシン,3700,輸送用機器,4,TOPIX Mid400
7261,マツダ,3700,輸送用機器,4,TOPIX Mid400
7266,今仙電機製作所,3700,輸送用機器,7,TOPIX Small 2
7267,本田技研工業,3700,輸送用機器,1,TOPIX Core30
7269,スズキ,3700,輸送用機器,2,TOPIX Large70
7270,ＳＵＢＡＲＵ,3700,輸送用機器,2,TOPIX Large70
7271,安永,3700,輸送用機器,7,TOPIX Small 2
7272,ヤマハ発動機,3700,輸送用機器,4,TOPIX Mid400
7276,小糸製作所,3650,電気機器,4,TOPIX Mid400
7277,ＴＢＫ,3700,輸送用機器,7,TOPIX Small 2
7278,エクセディ,3700,輸送用機器,6,TOPIX Small 1
7280,ミツバ,3650,電気機器,7,TOPIX Small 2
7282,豊田合成,3700,輸送用機器,4,TOPIX Mid400
7283,愛三工業,3700,輸送用機器,7,TOPIX Small 2
7284,盟和産業,3700,輸送用機器,7,TOPIX Small 2
7291,日本プラスト,3700,輸送用機器,7,TOPIX Small 2
7294,ヨロズ,3700,輸送用機器,7,TOPIX Small 2
7296,エフ・シー・シー,3700,輸送用機器,6,TOPIX Small 1
7305,新家工業,3450,鉄鋼,7,TOPIX Small 2
7309,シマノ,3700,輸送用機器,2,TOPIX Large70
7313,テイ・エス　テック,3700,輸送用機器,4,TOPIX Mid400
7322,三十三フィナンシャルグループ,7050,銀行業,7,TOPIX Small 2
7327,第四北越フィナンシャルグループ,7050,銀行業,6,TOPIX Small 1
7337,ひろぎんホールディングス,7050,銀行業,4,TOPIX Mid400
7347,マーキュリアホールディングス,7100,証券、商品先物取引業,7,TOPIX Small 2
7350,おきなわフィナンシャルグループ,7050,銀行業,7,TOPIX Small 2
7354,ダイレクトマーケティングミックス,9050,サービス業,6,TOPIX Small 1
7358,ポピンズホールディングス,9050,サービス業,7,TOPIX Small 2
7366,ＬＩＴＡＬＩＣＯ,9050,サービス業,6,TOPIX Small 1
7380,十六フィナンシャルグループ,7050,銀行業,6,TOPIX Small 1
7381,北國フィナンシャルホールディングス,7050,銀行業,6,TOPIX Small 1
7383,ネットプロテクションズホールディングス,7200,その他金融業,7,TOPIX Small 2
7408,ジャムコ,3700,輸送用機器,7,TOPIX Small 2
7414,小野建,6050,卸売業,7,TOPIX Small 2
7416,はるやまホールディングス,6100,小売業,7,TOPIX Small 2
7417,南陽,6050,卸売業,7,TOPIX Small 2
7419,ノジマ,6100,小売業,6,TOPIX Small 1
7420,佐鳥電機,6050,卸売業,7,TOPIX Small 2
7421,カッパ・クリエイト,6100,小売業,6,TOPIX Small 1
7427,エコートレーディング,6050,卸売業,7,TOPIX Small 2
7433,伯東,6050,卸売業,7,TOPIX Small 2
7438,コンドーテック,6050,卸売業,7,TOPIX Small 2
7442,中山福,6050,卸売業,7,TOPIX Small 2
7445,ライトオン,6100,小売業,7,TOPIX Small 2
7447,ナガイレーベン,6050,卸売業,7,TOPIX Small 2
7451,三菱食品,6050,卸売業,7,TOPIX Small 2
7453,良品計画,6100,小売業,4,TOPIX Mid400
7455,三城ホールディングス,6100,小売業,7,TOPIX Small 2
7456,松田産業,6050,卸売業,7,TOPIX Small 2
7458,第一興商,6050,卸売業,4,TOPIX Mid400
7459,メディパルホールディングス,6050,卸売業,4,TOPIX Mid400
7463,アドヴァングループ,6100,小売業,7,TOPIX Small 2
7466,ＳＰＫ,6050,卸売業,7,TOPIX Small 2
7467,萩原電気ホールディングス,6050,卸売業,7,TOPIX Small 2
7475,アルビス,6100,小売業,7,TOPIX Small 2
7476,アズワン,6050,卸売業,4,TOPIX Mid400
7480,スズデン,6050,卸売業,7,TOPIX Small 2
7481,尾家産業,6050,卸売業,7,TOPIX Small 2
7482,シモジマ,6050,卸売業,7,TOPIX Small 2
7483,ドウシシャ,6050,卸売業,7,TOPIX Small 2
7487,小津産業,6050,卸売業,7,TOPIX Small 2
7494,コナカ,6100,小売業,7,TOPIX Small 2
7504,高速,6050,卸売業,7,TOPIX Small 2
7506,ハウス　オブ　ローゼ,6100,小売業,7,TOPIX Small 2
7508,Ｇ－７ホールディングス,6100,小売業,6,TOPIX Small 1
7510,たけびし,6050,卸売業,7,TOPIX Small 2
7512,イオン北海道,6100,小売業,7,TOPIX Small 2
7513,コジマ,6100,小売業,7,TOPIX Small 2
7514,ヒマラヤ,6100,小売業,7,TOPIX Small 2
7516,コーナン商事,6100,小売業,6,TOPIX Small 1
7518,ネットワンシステムズ,5250,情報・通信業,4,TOPIX Mid400
7520,エコス,6100,小売業,7,TOPIX Small 2
7522,ワタミ,6100,小売業,6,TOPIX Small 1
7524,マルシェ,6100,小売業,7,TOPIX Small 2
7525,リックス,6050,卸売業,7,TOPIX Small 2
7527,システムソフト,5250,情報・通信業,7,TOPIX Small 2
7532,パン・パシフィック・インターナショナルホールディングス,6100,小売業,4,TOPIX Mid400
7537,丸文,6050,卸売業,7,TOPIX Small 2
7545,西松屋チェーン,6100,小売業,6,TOPIX Small 1
7550,ゼンショーホールディングス,6100,小売業,4,TOPIX Mid400
7552,ハピネット,6050,卸売業,7,TOPIX Small 2
7554,幸楽苑ホールディングス,6100,小売業,7,TOPIX Small 2
7561,ハークスレイ,6100,小売業,7,TOPIX Small 2
7570,橋本総業ホールディングス,6050,卸売業,7,TOPIX Small 2
7575,日本ライフライン,6050,卸売業,6,TOPIX Small 1
7581,サイゼリヤ,6100,小売業,6,TOPIX Small 1
7590,タカショー,6050,卸売業,7,TOPIX Small 2
7593,ＶＴホールディングス,6100,小売業,6,TOPIX Small 1
7595,アルゴグラフィックス,5250,情報・通信業,6,TOPIX Small 1
7596,魚力,6100,小売業,7,TOPIX Small 2
7599,ＩＤＯＭ,6050,卸売業,6,TOPIX Small 1
7600,日本エム・ディ・エム,3750,精密機器,6,TOPIX Small 1
7601,ポプラ,6100,小売業,7,TOPIX Small 2
7605,フジ・コーポレーション,6100,小売業,7,TOPIX Small 2
7606,ユナイテッドアローズ,6100,小売業,6,TOPIX Small 1
7607,進和,6050,卸売業,7,TOPIX Small 2
7608,エスケイジャパン,6050,卸売業,7,TOPIX Small 2
7609,ダイトロン,6050,卸売業,7,TOPIX Small 2
7611,ハイデイ日高,6100,小売業,6,TOPIX Small 1
7613,シークス,6050,卸売業,6,TOPIX Small 1
7615,ＹＵ－ＷＡ　Ｃｒｅａｔｉｏｎ　Ｈｏｌｄｉｎｇｓ,6100,小売業,7,TOPIX Small 2
7616,コロワイド,6100,小売業,4,TOPIX Mid400
7618,ピーシーデポコーポレーション,6100,小売業,7,TOPIX Small 2
7619,田中商事,6050,卸売業,7,TOPIX Small 2
7628,オーハシテクニカ,6050,卸売業,7,TOPIX Small 2
7630,壱番屋,6100,小売業,6,TOPIX Small 1
7637,白銅,6050,卸売業,7,TOPIX Small 2
7640,トップカルチャー,6100,小売業,7,TOPIX Small 2
7646,ＰＬＡＮＴ,6100,小売業,7,TOPIX Small 2
7649,スギホールディングス,6100,小売業,4,TOPIX Mid400
7673,ダイコー通産,6050,卸売業,7,TOPIX Small 2
7679,薬王堂ホールディングス,6100,小売業,7,TOPIX Small 2
7701,島津製作所,3750,精密機器,4,TOPIX Mid400
7702,ＪＭＳ,3750,精密機器,7,TOPIX Small 2
7709,クボテック,3750,精密機器,7,TOPIX Small 2
7715,長野計器,3750,精密機器,7,TOPIX Small 2
7717,ブイ・テクノロジー,3750,精密機器,6,TOPIX Small 1
7718,スター精密,3600,機械,6,TOPIX Small 1
7721,東京計器,3750,精密機器,7,TOPIX Small 2
7723,愛知時計電機,3750,精密機器,7,TOPIX Small 2
7725,インターアクション,3750,精密機器,6,TOPIX Small 1
7727,オーバル,3750,精密機器,7,TOPIX Small 2
7729,東京精密,3750,精密機器,6,TOPIX Small 1
7730,マニー,3750,精密機器,4,TOPIX Mid400
7731,ニコン,3750,精密機器,4,TOPIX Mid400
7732,トプコン,3750,精密機器,4,TOPIX Mid400
7733,オリンパス,3750,精密機器,2,TOPIX Large70
7734,理研計器,3750,精密機器,7,TOPIX Small 2
7735,ＳＣＲＥＥＮホールディングス,3650,電気機器,4,TOPIX Mid400
7739,キヤノン電子,3650,電気機器,7,TOPIX Small 2
7740,タムロン,3750,精密機器,6,TOPIX Small 1
7741,ＨＯＹＡ,3750,精密機器,1,TOPIX Core30
7743,シード,3750,精密機器,7,TOPIX Small 2
7744,ノーリツ鋼機,3750,精密機器,6,TOPIX Small 1
7745,エー・アンド・デイ,3750,精密機器,7,TOPIX Small 2
7747,朝日インテック,3750,精密機器,4,TOPIX Mid400
7751,キヤノン,3650,電気機器,2,TOPIX Large70
7752,リコー,3650,電気機器,4,TOPIX Mid400
7762,シチズン時計,3750,精密機器,6,TOPIX Small 1
7769,リズム,3750,精密機器,7,TOPIX Small 2
7775,大研医器,3750,精密機器,7,TOPIX Small 2
7780,メニコン,3750,精密機器,4,TOPIX Mid400
7782,シンシア,3750,精密機器,7,TOPIX Small 2
7811,中本パックス,3800,その他製品,7,TOPIX Small 2
7816,スノーピーク,3800,その他製品,6,TOPIX Small 1
7817,パラマウントベッドホールディングス,3800,その他製品,6,TOPIX Small 1
7818,トランザクション,3800,その他製品,7,TOPIX Small 2
7819,粧美堂,3800,その他製品,7,TOPIX Small 2
7820,ニホンフラッシュ,3800,その他製品,7,TOPIX Small 2
7821,前田工繊,3800,その他製品,6,TOPIX Small 1
7822,永大産業,3800,その他製品,7,TOPIX Small 2
7823,アートネイチャー,3800,その他製品,7,TOPIX Small 2
7832,バンダイナムコホールディングス,3800,その他製品,2,TOPIX Large70
7833,アイフィスジャパン,3800,その他製品,7,TOPIX Small 2
7838,共立印刷,3800,その他製品,7,TOPIX Small 2
7839,ＳＨＯＥＩ,3800,その他製品,6,TOPIX Small 1
7840,フランスベッドホールディングス,3800,その他製品,7,TOPIX Small 2
7844,マーベラス,5250,情報・通信業,7,TOPIX Small 2
7846,パイロットコーポレーション,3800,その他製品,4,TOPIX Mid400
7856,萩原工業,3800,その他製品,7,TOPIX Small 2
7860,エイベックス,5250,情報・通信業,6,TOPIX Small 1
7862,トッパン・フォームズ,3800,その他製品,-,-
7864,フジシールインターナショナル,3800,その他製品,6,TOPIX Small 1
7867,タカラトミー,3800,その他製品,6,TOPIX Small 1
7868,広済堂ホールディングス,3800,その他製品,7,TOPIX Small 2
7872,エステールホールディングス,3800,その他製品,7,TOPIX Small 2
7874,レック,3200,化学,6,TOPIX Small 1
7885,タカノ,3800,その他製品,7,TOPIX Small 2
7888,三光合成,3200,化学,7,TOPIX Small 2
7893,プロネクサス,3800,その他製品,7,TOPIX Small 2
7897,ホクシン,3800,その他製品,7,TOPIX Small 2
7898,ウッドワン,3800,その他製品,7,TOPIX Small 2
7905,大建工業,3800,その他製品,7,TOPIX Small 2
7908,きもと,3200,化学,7,TOPIX Small 2
7911,凸版印刷,3800,その他製品,4,TOPIX Mid400
7912,大日本印刷,3800,その他製品,4,TOPIX Mid400
7914,共同印刷,3800,その他製品,7,TOPIX Small 2
7915,ＮＩＳＳＨＡ,3800,その他製品,6,TOPIX Small 1
7916,光村印刷,3800,その他製品,7,TOPIX Small 2
7917,藤森工業,3200,化学,7,TOPIX Small 2
7918,ヴィア・ホールディングス,6100,小売業,7,TOPIX Small 2
7921,ＴＡＫＡＲＡ　＆　ＣＯＭＰＡＮＹ,3800,その他製品,7,TOPIX Small 2
7925,前澤化成工業,3200,化学,7,TOPIX Small 2
7931,未来工業,3200,化学,7,TOPIX Small 2
7936,アシックス,3800,その他製品,4,TOPIX Mid400
7937,ツツミ,3800,その他製品,7,TOPIX Small 2
7940,ウェーブロックホールディングス,3200,化学,7,TOPIX Small 2
7942,ＪＳＰ,3200,化学,7,TOPIX Small 2
7943,ニチハ,3400,ガラス・土石製品,6,TOPIX Small 1
7944,ローランド,3800,その他製品,6,TOPIX Small 1
7947,エフピコ,3200,化学,4,TOPIX Mid400
7949,小松ウオール工業,3800,その他製品,7,TOPIX Small 2
7951,ヤマハ,3800,その他製品,4,TOPIX Mid400
7952,河合楽器製作所,3800,その他製品,7,TOPIX Small 2
7955,クリナップ,3800,その他製品,7,TOPIX Small 2
7956,ピジョン,3800,その他製品,4,TOPIX Mid400
7958,天馬,3200,化学,7,TOPIX Small 2
7961,兼松サステック,3800,その他製品,7,TOPIX Small 2
7962,キングジム,3800,その他製品,7,TOPIX Small 2
7965,象印マホービン,3650,電気機器,6,TOPIX Small 1
7966,リンテック,3800,その他製品,4,TOPIX Mid400
7970,信越ポリマー,3200,化学,6,TOPIX Small 1
7971,東リ,3200,化学,7,TOPIX Small 2
7972,イトーキ,3800,その他製品,7,TOPIX Small 2
7974,任天堂,3800,その他製品,1,TOPIX Core30
7976,三菱鉛筆,3800,その他製品,7,TOPIX Small 2
7979,松風,3750,精密機器,7,TOPIX Small 2
7981,タカラスタンダード,3800,その他製品,7,TOPIX Small 2
7984,コクヨ,3800,その他製品,4,TOPIX Mid400
7987,ナカバヤシ,3800,その他製品,7,TOPIX Small 2
7988,ニフコ,3200,化学,4,TOPIX Mid400
7989,立川ブラインド工業,3550,金属製品,7,TOPIX Small 2
7990,グローブライド,3800,その他製品,6,TOPIX Small 1
7994,オカムラ,3800,その他製品,6,TOPIX Small 1
7995,バルカー,3200,化学,6,TOPIX Small 1
7999,ＭＵＴＯＨホールディングス,3650,電気機器,7,TOPIX Small 2
8001,伊藤忠商事,6050,卸売業,1,TOPIX Core30
8002,丸紅,6050,卸売業,2,TOPIX Large70
8005,スクロール,6100,小売業,6,TOPIX Small 1
8007,高島,6050,卸売業,7,TOPIX Small 2
8008,ヨンドシーホールディングス,6100,小売業,6,TOPIX Small 1
8011,三陽商会,3100,繊維製品,7,TOPIX Small 2
8012,長瀬産業,6050,卸売業,4,TOPIX Mid400
8013,ナイガイ,3100,繊維製品,7,TOPIX Small 2
8014,蝶理,6050,卸売業,7,TOPIX Small 2
8015,豊田通商,6050,卸売業,4,TOPIX Mid400
8016,オンワードホールディングス,3100,繊維製品,6,TOPIX Small 1
8018,三共生興,6050,卸売業,7,TOPIX Small 2
8020,兼松,6050,卸売業,6,TOPIX Small 1
8022,美津濃,3800,その他製品,6,TOPIX Small 1
8025,ツカモトコーポレーション,6050,卸売業,7,TOPIX Small 2
8029,ルックホールディングス,3100,繊維製品,7,TOPIX Small 2
8031,三井物産,6050,卸売業,1,TOPIX Core30
8032,日本紙パルプ商事,6050,卸売業,7,TOPIX Small 2
8035,東京エレクトロン,3650,電気機器,1,TOPIX Core30
8037,カメイ,6050,卸売業,7,TOPIX Small 2
8038,東都水産,6050,卸売業,7,TOPIX Small 2
8041,ＯＵＧホールディングス,6050,卸売業,7,TOPIX Small 2
8043,スターゼン,6050,卸売業,7,TOPIX Small 2
8050,セイコーホールディングス,3750,精密機器,6,TOPIX Small 1
8051,山善,6050,卸売業,6,TOPIX Small 1
8052,椿本興業,6050,卸売業,7,TOPIX Small 2
8053,住友商事,6050,卸売業,2,TOPIX Large70
8056,日本ユニシス,5250,情報・通信業,4,TOPIX Mid400
8057,内田洋行,6050,卸売業,6,TOPIX Small 1
8058,三菱商事,6050,卸売業,1,TOPIX Core30
8059,第一実業,6050,卸売業,7,TOPIX Small 2
8060,キヤノンマーケティングジャパン,6050,卸売業,4,TOPIX Mid400
8061,西華産業,6050,卸売業,7,TOPIX Small 2
8065,佐藤商事,6050,卸売業,7,TOPIX Small 2
8068,菱洋エレクトロ,6050,卸売業,6,TOPIX Small 1
8070,東京産業,6050,卸売業,7,TOPIX Small 2
8074,ユアサ商事,6050,卸売業,7,TOPIX Small 2
8075,神鋼商事,6050,卸売業,7,TOPIX Small 2
8077,トルク,6050,卸売業,7,TOPIX Small 2
8078,阪和興業,6050,卸売業,6,TOPIX Small 1
8079,正栄食品工業,6050,卸売業,6,TOPIX Small 1
8081,カナデン,6050,卸売業,7,TOPIX Small 2
8084,菱電商事,6050,卸売業,7,TOPIX Small 2
8086,ニプロ,3750,精密機器,4,TOPIX Mid400
8088,岩谷産業,6050,卸売業,4,TOPIX Mid400
8089,ナイス,6050,卸売業,7,TOPIX Small 2
8091,ニチモウ,6050,卸売業,7,TOPIX Small 2
8093,極東貿易,6050,卸売業,7,TOPIX Small 2
8095,アステナホールディングス,6050,卸売業,7,TOPIX Small 2
8096,兼松エレクトロニクス,5250,情報・通信業,7,TOPIX Small 2
8097,三愛石油,6050,卸売業,7,TOPIX Small 2
8098,稲畑産業,6050,卸売業,6,TOPIX Small 1
8101,ＧＳＩクレオス,6050,卸売業,7,TOPIX Small 2
8103,明和産業,6050,卸売業,7,TOPIX Small 2
8104,クワザワホールディングス,6050,卸売業,7,TOPIX Small 2
8107,キムラタン,3100,繊維製品,7,TOPIX Small 2
8111,ゴールドウイン,3100,繊維製品,4,TOPIX Mid400
8113,ユニ・チャーム,3200,化学,2,TOPIX Large70
8114,デサント,3100,繊維製品,6,TOPIX Small 1
8118,キング,3100,繊維製品,7,TOPIX Small 2
8125,ワキタ,6050,卸売業,7,TOPIX Small 2
8127,ヤマトインターナショナル,3100,繊維製品,7,TOPIX Small 2
8129,東邦ホールディングス,6050,卸売業,4,TOPIX Mid400
8130,サンゲツ,6050,卸売業,6,TOPIX Small 1
8131,ミツウロコグループホールディングス,6050,卸売業,7,TOPIX Small 2
8132,シナネンホールディングス,6050,卸売業,7,TOPIX Small 2
8133,伊藤忠エネクス,6050,卸売業,6,TOPIX Small 1
8136,サンリオ,6050,卸売業,4,TOPIX Mid400
8137,サンワテクノス,6050,卸売業,7,TOPIX Small 2
8140,リョーサン,6050,卸売業,6,TOPIX Small 1
8141,新光商事,6050,卸売業,7,TOPIX Small 2
8142,トーホー,6050,卸売業,7,TOPIX Small 2
8150,三信電気,6050,卸売業,7,TOPIX Small 2
8151,東陽テクニカ,6050,卸売業,7,TOPIX Small 2
8153,モスフードサービス,6050,卸売業,6,TOPIX Small 1
8154,加賀電子,6050,卸売業,6,TOPIX Small 1
8155,三益半導体工業,3550,金属製品,6,TOPIX Small 1
8157,都築電気,5250,情報・通信業,7,TOPIX Small 2
8158,ソーダニッカ,6050,卸売業,7,TOPIX Small 2
8159,立花エレテック,6050,卸売業,7,TOPIX Small 2
8160,木曽路,6100,小売業,6,TOPIX Small 1
8163,ＳＲＳホールディングス,6100,小売業,7,TOPIX Small 2
8165,千趣会,6100,小売業,7,TOPIX Small 2
8166,タカキュー,6100,小売業,7,TOPIX Small 2
8167,リテールパートナーズ,6100,小売業,6,TOPIX Small 1
8168,ケーヨー,6100,小売業,6,TOPIX Small 1
8173,上新電機,6100,小売業,7,TOPIX Small 2
8174,日本瓦斯,6100,小売業,6,TOPIX Small 1
8179,ロイヤルホールディングス,6100,小売業,6,TOPIX Small 1
8181,東天紅,6100,小売業,7,TOPIX Small 2
8182,いなげや,6100,小売業,7,TOPIX Small 2
8185,チヨダ,6100,小売業,7,TOPIX Small 2
8194,ライフコーポレーション,6100,小売業,6,TOPIX Small 1
8200,リンガーハット,6100,小売業,6,TOPIX Small 1
8203,ＭｒＭａｘＨＤ,6100,小売業,7,TOPIX Small 2
8207,テンアライド,6100,小売業,7,TOPIX Small 2
8214,ＡＯＫＩホールディングス,6100,小売業,6,TOPIX Small 1
8217,オークワ,6100,小売業,7,TOPIX Small 2
8218,コメリ,6100,小売業,6,TOPIX Small 1
8219,青山商事,6100,小売業,6,TOPIX Small 1
8227,しまむら,6100,小売業,4,TOPIX Mid400
8230,はせがわ,6100,小売業,7,TOPIX Small 2
8233,高島屋,6100,小売業,4,TOPIX Mid400
8237,松屋,6100,小売業,7,TOPIX Small 2
8242,エイチ・ツー・オー　リテイリング,6100,小売業,6,TOPIX Small 1
8244,近鉄百貨店,6100,小売業,7,TOPIX Small 2
8252,丸井グループ,6100,小売業,4,TOPIX Mid400
8253,クレディセゾン,7200,その他金融業,4,TOPIX Mid400
8255,アクシアル　リテイリング,6100,小売業,7,TOPIX Small 2
8260,井筒屋,6100,小売業,7,TOPIX Small 2
8267,イオン,6100,小売業,2,TOPIX Large70
8273,イズミ,6100,小売業,4,TOPIX Mid400
8275,フォーバル,6050,卸売業,7,TOPIX Small 2
8276,平和堂,6100,小売業,6,TOPIX Small 1
8278,フジ,6100,小売業,7,TOPIX Small 2
8279,ヤオコー,6100,小売業,4,TOPIX Mid400
8281,ゼビオホールディングス,6100,小売業,6,TOPIX Small 1
8282,ケーズホールディングス,6100,小売業,4,TOPIX Mid400
8283,ＰＡＬＴＡＣ,6050,卸売業,4,TOPIX Mid400
8285,三谷産業,6050,卸売業,7,TOPIX Small 2
8289,Ｏｌｙｍｐｉｃグループ,6100,小売業,7,TOPIX Small 2
8291,日産東京販売ホールディングス,6100,小売業,7,TOPIX Small 2
8303,新生銀行,7050,銀行業,4,TOPIX Mid400
8304,あおぞら銀行,7050,銀行業,4,TOPIX Mid400
8306,三菱ＵＦＪフィナンシャル・グループ,7050,銀行業,1,TOPIX Core30
8308,りそなホールディングス,7050,銀行業,2,TOPIX Large70
8309,三井住友トラスト・ホールディングス,7050,銀行業,2,TOPIX Large70
8316,三井住友フィナンシャルグループ,7050,銀行業,1,TOPIX Core30
8331,千葉銀行,7050,銀行業,4,TOPIX Mid400
8334,群馬銀行,7050,銀行業,4,TOPIX Mid400
8336,武蔵野銀行,7050,銀行業,6,TOPIX Small 1
8337,千葉興業銀行,7050,銀行業,7,TOPIX Small 2
8338,筑波銀行,7050,銀行業,7,TOPIX Small 2
8341,七十七銀行,7050,銀行業,6,TOPIX Small 1
8342,青森銀行,7050,銀行業,7,TOPIX Small 2
8343,秋田銀行,7050,銀行業,7,TOPIX Small 2
8344,山形銀行,7050,銀行業,7,TOPIX Small 2
8345,岩手銀行,7050,銀行業,7,TOPIX Small 2
8346,東邦銀行,7050,銀行業,7,TOPIX Small 2
8349,東北銀行,7050,銀行業,7,TOPIX Small 2
8350,みちのく銀行,7050,銀行業,7,TOPIX Small 2
8354,ふくおかフィナンシャルグループ,7050,銀行業,4,TOPIX Mid400
8355,静岡銀行,7050,銀行業,4,TOPIX Mid400
8358,スルガ銀行,7050,銀行業,6,TOPIX Small 1
8359,八十二銀行,7050,銀行業,4,TOPIX Mid400
8360,山梨中央銀行,7050,銀行業,7,TOPIX Small 2
8361,大垣共立銀行,7050,銀行業,6,TOPIX Small 1
8362,福井銀行,7050,銀行業,7,TOPIX Small 2
8364,清水銀行,7050,銀行業,7,TOPIX Small 2
8365,富山銀行,7050,銀行業,7,TOPIX Small 2
8366,滋賀銀行,7050,銀行業,6,TOPIX Small 1
8367,南都銀行,7050,銀行業,6,TOPIX Small 1
8368,百五銀行,7050,銀行業,7,TOPIX Small 2
8369,京都銀行,7050,銀行業,4,TOPIX Mid400
8370,紀陽銀行,7050,銀行業,6,TOPIX Small 1
8377,ほくほくフィナンシャルグループ,7050,銀行業,4,TOPIX Mid400
8381,山陰合同銀行,7050,銀行業,6,TOPIX Small 1
8382,中国銀行,7050,銀行業,4,TOPIX Mid400
8383,鳥取銀行,7050,銀行業,7,TOPIX Small 2
8385,伊予銀行,7050,銀行業,4,TOPIX Mid400
8386,百十四銀行,7050,銀行業,7,TOPIX Small 2
8387,四国銀行,7050,銀行業,7,TOPIX Small 2
8388,阿波銀行,7050,銀行業,6,TOPIX Small 1
8392,大分銀行,7050,銀行業,7,TOPIX Small 2
8393,宮崎銀行,7050,銀行業,7,TOPIX Small 2
8395,佐賀銀行,7050,銀行業,7,TOPIX Small 2
8399,琉球銀行,7050,銀行業,7,TOPIX Small 2
8410,セブン銀行,7050,銀行業,4,TOPIX Mid400
8411,みずほフィナンシャルグループ,7050,銀行業,1,TOPIX Core30
8416,高知銀行,7050,銀行業,7,TOPIX Small 2
8418,山口フィナンシャルグループ,7050,銀行業,4,TOPIX Mid400
8424,芙蓉総合リース,7200,その他金融業,6,TOPIX Small 1
8425,みずほリース,7200,その他金融業,6,TOPIX Small 1
8439,東京センチュリー,7200,その他金融業,4,TOPIX Mid400
8473,ＳＢＩホールディングス,7100,証券、商品先物取引業,4,TOPIX Mid400
8511,日本証券金融,7200,その他金融業,6,TOPIX Small 1
8515,アイフル,7200,その他金融業,6,TOPIX Small 1
8518,日本アジア投資,7100,証券、商品先物取引業,7,TOPIX Small 2
8521,長野銀行,7050,銀行業,7,TOPIX Small 2
8522,名古屋銀行,7050,銀行業,7,TOPIX Small 2
8524,北洋銀行,7050,銀行業,6,TOPIX Small 1
8527,愛知銀行,7050,銀行業,7,TOPIX Small 2
8530,中京銀行,7050,銀行業,7,TOPIX Small 2
8537,大光銀行,7050,銀行業,7,TOPIX Small 2
8541,愛媛銀行,7050,銀行業,7,TOPIX Small 2
8542,トマト銀行,7050,銀行業,7,TOPIX Small 2
8544,京葉銀行,7050,銀行業,7,TOPIX Small 2
8550,栃木銀行,7050,銀行業,7,TOPIX Small 2
8551,北日本銀行,7050,銀行業,7,TOPIX Small 2
8558,東和銀行,7050,銀行業,7,TOPIX Small 2
8562,福島銀行,7050,銀行業,7,TOPIX Small 2
8563,大東銀行,7050,銀行業,7,TOPIX Small 2
8566,リコーリース,7200,その他金融業,6,TOPIX Small 1
8570,イオンフィナンシャルサービス,7200,その他金融業,4,TOPIX Mid400
8572,アコム,7200,その他金融業,4,TOPIX Mid400
8584,ジャックス,7200,その他金融業,6,TOPIX Small 1
8585,オリエントコーポレーション,7200,その他金融業,6,TOPIX Small 1
8591,オリックス,7200,その他金融業,2,TOPIX Large70
8593,三菱ＨＣキャピタル,7200,その他金融業,4,TOPIX Mid400
8595,ジャフコ　グループ,7100,証券、商品先物取引業,4,TOPIX Mid400
8596,九州リースサービス,7200,その他金融業,7,TOPIX Small 2
8600,トモニホールディングス,7050,銀行業,7,TOPIX Small 2
8601,大和証券グループ本社,7100,証券、商品先物取引業,2,TOPIX Large70
8604,野村ホールディングス,7100,証券、商品先物取引業,2,TOPIX Large70
8609,岡三証券グループ,7100,証券、商品先物取引業,6,TOPIX Small 1
8613,丸三証券,7100,証券、商品先物取引業,6,TOPIX Small 1
8614,東洋証券,7100,証券、商品先物取引業,7,TOPIX Small 2
8616,東海東京フィナンシャル・ホールディングス,7100,証券、商品先物取引業,6,TOPIX Small 1
8617,光世証券,7100,証券、商品先物取引業,7,TOPIX Small 2
8622,水戸証券,7100,証券、商品先物取引業,7,TOPIX Small 2
8624,いちよし証券,7100,証券、商品先物取引業,7,TOPIX Small 2
8628,松井証券,7100,証券、商品先物取引業,6,TOPIX Small 1
8630,ＳＯＭＰＯホールディングス,7150,保険業,2,TOPIX Large70
8697,日本取引所グループ,7200,その他金融業,2,TOPIX Large70
8698,マネックスグループ,7100,証券、商品先物取引業,6,TOPIX Small 1
8706,極東証券,7100,証券、商品先物取引業,7,TOPIX Small 2
8707,岩井コスモホールディングス,7100,証券、商品先物取引業,6,TOPIX Small 1
8708,アイザワ証券グループ,7100,証券、商品先物取引業,7,TOPIX Small 2
8713,フィデアホールディングス,7050,銀行業,7,TOPIX Small 2
8714,池田泉州ホールディングス,7050,銀行業,6,TOPIX Small 1
8715,アニコム　ホールディングス,7150,保険業,6,TOPIX Small 1
8725,ＭＳ＆ＡＤインシュアランスグループホールディングス,7150,保険業,2,TOPIX Large70
8732,マネーパートナーズグループ,7100,証券、商品先物取引業,7,TOPIX Small 2
8739,スパークス・グループ,7100,証券、商品先物取引業,6,TOPIX Small 1
8742,小林洋行,7100,証券、商品先物取引業,7,TOPIX Small 2
8750,第一生命ホールディングス,7150,保険業,2,TOPIX Large70
8766,東京海上ホールディングス,7150,保険業,1,TOPIX Core30
8769,アドバンテッジリスクマネジメント,9050,サービス業,7,TOPIX Small 2
8771,イー・ギャランティ,7200,その他金融業,6,TOPIX Small 1
8772,アサックス,7200,その他金融業,7,TOPIX Small 2
8793,ＮＥＣキャピタルソリューション,7200,その他金融業,7,TOPIX Small 2
8795,Ｔ＆Ｄホールディングス,7150,保険業,4,TOPIX Mid400
8798,アドバンスクリエイト,7150,保険業,7,TOPIX Small 2
8801,三井不動産,8050,不動産業,2,TOPIX Large70
8802,三菱地所,8050,不動産業,2,TOPIX Large70
8803,平和不動産,8050,不動産業,6,TOPIX Small 1
8804,東京建物,8050,不動産業,4,TOPIX Mid400
8806,ダイビル,8050,不動産業,6,TOPIX Small 1
8818,京阪神ビルディング,8050,不動産業,6,TOPIX Small 1
8830,住友不動産,8050,不動産業,2,TOPIX Large70
8835,太平洋興発,6050,卸売業,7,TOPIX Small 2
8841,テーオーシー,8050,不動産業,7,TOPIX Small 2
8842,東京楽天地,8050,不動産業,7,TOPIX Small 2
8848,レオパレス２１,8050,不動産業,6,TOPIX Small 1
8850,スターツコーポレーション,8050,不動産業,6,TOPIX Small 1
8860,フジ住宅,8050,不動産業,7,TOPIX Small 2
8864,空港施設,8050,不動産業,7,TOPIX Small 2
8869,明和地所,8050,不動産業,7,TOPIX Small 2
8871,ゴールドクレスト,8050,不動産業,6,TOPIX Small 1
8876,リログループ,9050,サービス業,4,TOPIX Mid400
8877,エスリード,8050,不動産業,7,TOPIX Small 2
8881,日神グループホールディングス,8050,不動産業,7,TOPIX Small 2
8892,日本エスコン,8050,不動産業,6,TOPIX Small 1
8897,タカラレーベン,8050,不動産業,6,TOPIX Small 1
8904,ＡＶＡＮＴＩＡ,8050,不動産業,7,TOPIX Small 2
8905,イオンモール,8050,不動産業,4,TOPIX Mid400
8908,毎日コムネット,8050,不動産業,7,TOPIX Small 2
8917,ファースト住建,8050,不動産業,7,TOPIX Small 2
8918,ランド,8050,不動産業,7,TOPIX Small 2
8919,カチタス,8050,不動産業,6,TOPIX Small 1
8920,東祥,9050,サービス業,7,TOPIX Small 2
8923,トーセイ,8050,不動産業,6,TOPIX Small 1
8928,穴吹興産,8050,不動産業,7,TOPIX Small 2
8934,サンフロンティア不動産,8050,不動産業,6,TOPIX Small 1
8935,ＦＪネクストホールディングス,8050,不動産業,7,TOPIX Small 2
8940,インテリックス,8050,不動産業,7,TOPIX Small 2
8944,ランドビジネス,8050,不動産業,7,TOPIX Small 2
8945,サンネクスタグループ,8050,不動産業,7,TOPIX Small 2
8999,グランディハウス,8050,不動産業,7,TOPIX Small 2
9001,東武鉄道,5050,陸運業,4,TOPIX Mid400
9003,相鉄ホールディングス,5050,陸運業,4,TOPIX Mid400
9005,東急,5050,陸運業,4,TOPIX Mid400
9006,京浜急行電鉄,5050,陸運業,4,TOPIX Mid400
9007,小田急電鉄,5050,陸運業,4,TOPIX Mid400
9008,京王電鉄,5050,陸運業,4,TOPIX Mid400
9009,京成電鉄,5050,陸運業,4,TOPIX Mid400
9010,富士急行,5050,陸運業,6,TOPIX Small 1
9014,新京成電鉄,5050,陸運業,7,TOPIX Small 2
9020,東日本旅客鉄道,5050,陸運業,2,TOPIX Large70
9021,西日本旅客鉄道,5050,陸運業,2,TOPIX Large70
9022,東海旅客鉄道,5050,陸運業,2,TOPIX Large70
9024,西武ホールディングス,5050,陸運業,4,TOPIX Mid400
9025,鴻池運輸,5050,陸運業,7,TOPIX Small 2
9031,西日本鉄道,5050,陸運業,4,TOPIX Mid400
9037,ハマキョウレックス,5050,陸運業,6,TOPIX Small 1
9039,サカイ引越センター,5050,陸運業,6,TOPIX Small 1
9041,近鉄グループホールディングス,5050,陸運業,4,TOPIX Mid400
9042,阪急阪神ホールディングス,5050,陸運業,4,TOPIX Mid400
9044,南海電気鉄道,5050,陸運業,4,TOPIX Mid400
9045,京阪ホールディングス,5050,陸運業,4,TOPIX Mid400
9046,神戸電鉄,5050,陸運業,7,TOPIX Small 2
9048,名古屋鉄道,5050,陸運業,4,TOPIX Mid400
9052,山陽電気鉄道,5050,陸運業,7,TOPIX Small 2
9055,アルプス物流,5050,陸運業,7,TOPIX Small 2
9058,トランコム,5200,倉庫・運輸関連業,7,TOPIX Small 2
9064,ヤマトホールディングス,5050,陸運業,4,TOPIX Mid400
9065,山九,5050,陸運業,4,TOPIX Mid400
9066,日新,5200,倉庫・運輸関連業,7,TOPIX Small 2
9067,丸運,5050,陸運業,7,TOPIX Small 2
9068,丸全昭和運輸,5050,陸運業,7,TOPIX Small 2
9069,センコーグループホールディングス,5050,陸運業,6,TOPIX Small 1
9070,トナミホールディングス,5050,陸運業,7,TOPIX Small 2
9072,ニッコンホールディングス,5050,陸運業,4,TOPIX Mid400
9074,日本石油輸送,5050,陸運業,7,TOPIX Small 2
9075,福山通運,5050,陸運業,6,TOPIX Small 1
9076,セイノーホールディングス,5050,陸運業,4,TOPIX Mid400
9078,エスライン,5050,陸運業,7,TOPIX Small 2
9081,神奈川中央交通,5050,陸運業,7,TOPIX Small 2
9086,日立物流,5050,陸運業,4,TOPIX Mid400
9090,丸和運輸機関,5050,陸運業,6,TOPIX Small 1
9099,Ｃ＆Ｆロジホールディングス,5050,陸運業,7,TOPIX Small 2
9101,日本郵船,5100,海運業,4,TOPIX Mid400
9104,商船三井,5100,海運業,4,TOPIX Mid400
9107,川崎汽船,5100,海運業,4,TOPIX Mid400
9110,ＮＳユナイテッド海運,5100,海運業,6,TOPIX Small 1
9115,明治海運,5100,海運業,7,TOPIX Small 2
9119,飯野海運,5100,海運業,6,TOPIX Small 1
9130,共栄タンカー,5100,海運業,7,TOPIX Small 2
9142,九州旅客鉄道,5050,陸運業,4,TOPIX Mid400
9143,ＳＧホールディングス,5050,陸運業,4,TOPIX Mid400
9147,ＮＩＰＰＯＮ　ＥＸＰＲＥＳＳホールディングス,5050,陸運業,4,TOPIX Mid400
9201,日本航空,5150,空運業,4,TOPIX Mid400
9202,ＡＮＡホールディングス,5150,空運業,2,TOPIX Large70
9232,パスコ,5150,空運業,7,TOPIX Small 2
9247,ＴＲＥホールディングス,9050,サービス業,6,TOPIX Small 1
9248,人・夢・技術グループ,9050,サービス業,7,TOPIX Small 2
9260,西本Ｗｉｓｍｅｔｔａｃホールディングス,6050,卸売業,7,TOPIX Small 2
9262,シルバーライフ,6100,小売業,7,TOPIX Small 2
9265,ヤマシタヘルスケアホールディングス,6050,卸売業,7,TOPIX Small 2
9267,Ｇｅｎｋｙ　ＤｒｕｇＳｔｏｒｅｓ,6100,小売業,6,TOPIX Small 1
9273,コーア商事ホールディングス,6050,卸売業,7,TOPIX Small 2
9274,国際紙パルプ商事,6050,卸売業,7,TOPIX Small 2
9275,ナルミヤ・インターナショナル,6100,小売業,7,TOPIX Small 2
9278,ブックオフグループホールディングス,6100,小売業,7,TOPIX Small 2
9279,ギフト,6100,小売業,7,TOPIX Small 2
9301,三菱倉庫,5200,倉庫・運輸関連業,4,TOPIX Mid400
9302,三井倉庫ホールディングス,5200,倉庫・運輸関連業,6,TOPIX Small 1
9303,住友倉庫,5200,倉庫・運輸関連業,6,TOPIX Small 1
9304,澁澤倉庫,5200,倉庫・運輸関連業,7,TOPIX Small 2
9305,ヤマタネ,6050,卸売業,7,TOPIX Small 2
9306,東陽倉庫,5200,倉庫・運輸関連業,7,TOPIX Small 2
9308,乾汽船,5100,海運業,7,TOPIX Small 2
9310,日本トランスシティ,5200,倉庫・運輸関連業,7,TOPIX Small 2
9312,ケイヒン,5200,倉庫・運輸関連業,7,TOPIX Small 2
9319,中央倉庫,5200,倉庫・運輸関連業,7,TOPIX Small 2
9322,川西倉庫,5200,倉庫・運輸関連業,7,TOPIX Small 2
9324,安田倉庫,5200,倉庫・運輸関連業,7,TOPIX Small 2
9325,ファイズホールディングス,5200,倉庫・運輸関連業,7,TOPIX Small 2
9351,東洋埠頭,5200,倉庫・運輸関連業,7,TOPIX Small 2
9358,宇徳,5200,倉庫・運輸関連業,7,TOPIX Small 2
9364,上組,5200,倉庫・運輸関連業,4,TOPIX Mid400
9366,サンリツ,5200,倉庫・運輸関連業,7,TOPIX Small 2
9368,キムラユニティー,5200,倉庫・運輸関連業,7,TOPIX Small 2
9369,キユーソー流通システム,5200,倉庫・運輸関連業,7,TOPIX Small 2
9375,近鉄エクスプレス,5200,倉庫・運輸関連業,6,TOPIX Small 1
9380,東海運,5200,倉庫・運輸関連業,7,TOPIX Small 2
9381,エーアイテイー,5200,倉庫・運輸関連業,7,TOPIX Small 2
9384,内外トランスライン,5200,倉庫・運輸関連業,7,TOPIX Small 2
9385,ショーエイコーポレーション,3200,化学,7,TOPIX Small 2
9386,日本コンセプト,5200,倉庫・運輸関連業,7,TOPIX Small 2
9401,ＴＢＳホールディングス,5250,情報・通信業,4,TOPIX Mid400
9404,日本テレビホールディングス,5250,情報・通信業,4,TOPIX Mid400
9405,朝日放送グループホールディングス,5250,情報・通信業,7,TOPIX Small 2
9409,テレビ朝日ホールディングス,5250,情報・通信業,4,TOPIX Mid400
9412,スカパーＪＳＡＴホールディングス,5250,情報・通信業,6,TOPIX Small 1
9413,テレビ東京ホールディングス,5250,情報・通信業,7,TOPIX Small 2
9414,日本ＢＳ放送,5250,情報・通信業,7,TOPIX Small 2
9416,ビジョン,5250,情報・通信業,6,TOPIX Small 1
9417,スマートバリュー,5250,情報・通信業,7,TOPIX Small 2
9418,ＵＳＥＮ－ＮＥＸＴ　ＨＯＬＤＩＮＧＳ,5250,情報・通信業,6,TOPIX Small 1
9419,ワイヤレスゲート,5250,情報・通信業,7,TOPIX Small 2
9422,コネクシオ,5250,情報・通信業,7,TOPIX Small 2
9424,日本通信,5250,情報・通信業,6,TOPIX Small 1
9428,クロップス,5250,情報・通信業,7,TOPIX Small 2
9432,日本電信電話,5250,情報・通信業,1,TOPIX Core30
9433,ＫＤＤＩ,5250,情報・通信業,1,TOPIX Core30
9434,ソフトバンク,5250,情報・通信業,2,TOPIX Large70
9435,光通信,5250,情報・通信業,4,TOPIX Mid400
9438,エムティーアイ,5250,情報・通信業,7,TOPIX Small 2
9449,ＧＭＯインターネット,5250,情報・通信業,4,TOPIX Mid400
9450,ファイバーゲート,5250,情報・通信業,7,TOPIX Small 2
9466,アイドママーケティングコミュニケーション,5250,情報・通信業,7,TOPIX Small 2
9468,ＫＡＤＯＫＡＷＡ,5250,情報・通信業,4,TOPIX Mid400
9470,学研ホールディングス,5250,情報・通信業,6,TOPIX Small 1
9474,ゼンリン,5250,情報・通信業,6,TOPIX Small 1
9475,昭文社ホールディングス,5250,情報・通信業,7,TOPIX Small 2
9479,インプレスホールディングス,5250,情報・通信業,7,TOPIX Small 2
9501,東京電力ホールディングス,4050,電気・ガス業,4,TOPIX Mid400
9502,中部電力,4050,電気・ガス業,4,TOPIX Mid400
9503,関西電力,4050,電気・ガス業,4,TOPIX Mid400
9504,中国電力,4050,電気・ガス業,4,TOPIX Mid400
9505,北陸電力,4050,電気・ガス業,4,TOPIX Mid400
9506,東北電力,4050,電気・ガス業,4,TOPIX Mid400
9507,四国電力,4050,電気・ガス業,4,TOPIX Mid400
9508,九州電力,4050,電気・ガス業,4,TOPIX Mid400
9509,北海道電力,4050,電気・ガス業,4,TOPIX Mid400
9511,沖縄電力,4050,電気・ガス業,6,TOPIX Small 1
9513,電源開発,4050,電気・ガス業,4,TOPIX Mid400
9514,エフオン,4050,電気・ガス業,7,TOPIX Small 2
9517,イーレックス,4050,電気・ガス業,6,TOPIX Small 1
9519,レノバ,4050,電気・ガス業,6,TOPIX Small 1
9531,東京瓦斯,4050,電気・ガス業,4,TOPIX Mid400
9532,大阪瓦斯,4050,電気・ガス業,4,TOPIX Mid400
9533,東邦瓦斯,4050,電気・ガス業,4,TOPIX Mid400
9534,北海道瓦斯,4050,電気・ガス業,7,TOPIX Small 2
9535,広島ガス,4050,電気・ガス業,7,TOPIX Small 2
9536,西部ガスホールディングス,4050,電気・ガス業,7,TOPIX Small 2
9543,静岡ガス,4050,電気・ガス業,7,TOPIX Small 2
9551,メタウォーター,4050,電気・ガス業,6,TOPIX Small 1
9600,アイネット,5250,情報・通信業,7,TOPIX Small 2
9601,松竹,5250,情報・通信業,4,TOPIX Mid400
9602,東宝,5250,情報・通信業,4,TOPIX Mid400
9603,エイチ・アイ・エス,9050,サービス業,6,TOPIX Small 1
9605,東映,5250,情報・通信業,6,TOPIX Small 1
9612,ラックランド,9050,サービス業,7,TOPIX Small 2
9613,エヌ・ティ・ティ・データ,5250,情報・通信業,4,TOPIX Mid400
9616,共立メンテナンス,9050,サービス業,6,TOPIX Small 1
9619,イチネンホールディングス,9050,サービス業,7,TOPIX Small 2
9621,建設技術研究所,9050,サービス業,7,TOPIX Small 2
9622,スペース,9050,サービス業,7,TOPIX Small 2
9627,アインホールディングス,6100,小売業,4,TOPIX Mid400
9628,燦ホールディングス,9050,サービス業,7,TOPIX Small 2
9629,ピー・シー・エー,5250,情報・通信業,7,TOPIX Small 2
9632,スバル興業,9050,サービス業,7,TOPIX Small 2
9633,東京テアトル,9050,サービス業,7,TOPIX Small 2
9644,タナベ経営,9050,サービス業,7,TOPIX Small 2
9658,ビジネスブレイン太田昭和,5250,情報・通信業,7,TOPIX Small 2
9663,ナガワ,9050,サービス業,7,TOPIX Small 2
9672,東京都競馬,9050,サービス業,6,TOPIX Small 1
9675,常磐興産,9050,サービス業,7,TOPIX Small 2
9678,カナモト,9050,サービス業,6,TOPIX Small 1
9682,ＤＴＳ,5250,情報・通信業,6,TOPIX Small 1
9684,スクウェア・エニックス・ホールディングス,5250,情報・通信業,4,TOPIX Mid400
9692,シーイーシー,5250,情報・通信業,6,TOPIX Small 1
9697,カプコン,5250,情報・通信業,4,TOPIX Mid400
9699,西尾レントオール,9050,サービス業,6,TOPIX Small 1
9702,アイ・エス・ビー,5250,情報・通信業,7,TOPIX Small 2
9704,アゴーラ　ホスピタリティー　グループ,9050,サービス業,7,TOPIX Small 2
9706,日本空港ビルデング,8050,不動産業,4,TOPIX Mid400
9715,トランス・コスモス,9050,サービス業,6,TOPIX Small 1
9716,乃村工藝社,9050,サービス業,6,TOPIX Small 1
9717,ジャステック,5250,情報・通信業,7,TOPIX Small 2
9719,ＳＣＳＫ,5250,情報・通信業,4,TOPIX Mid400
9722,藤田観光,9050,サービス業,7,TOPIX Small 2
9726,ＫＮＴ－ＣＴホールディングス,9050,サービス業,7,TOPIX Small 2
9728,日本管財,9050,サービス業,7,TOPIX Small 2
9729,トーカイ,9050,サービス業,7,TOPIX Small 2
9731,白洋舎,9050,サービス業,7,TOPIX Small 2
9735,セコム,9050,サービス業,2,TOPIX Large70
9739,日本システムウエア,5250,情報・通信業,7,TOPIX Small 2
9740,セントラル警備保障,9050,サービス業,6,TOPIX Small 1
9742,アイネス,5250,情報・通信業,6,TOPIX Small 1
9743,丹青社,9050,サービス業,6,TOPIX Small 1
9744,メイテック,9050,サービス業,4,TOPIX Mid400
9746,ＴＫＣ,5250,情報・通信業,6,TOPIX Small 1
9749,富士ソフト,5250,情報・通信業,6,TOPIX Small 1
9755,応用地質,9050,サービス業,7,TOPIX Small 2
9757,船井総研ホールディングス,9050,サービス業,6,TOPIX Small 1
9759,ＮＳＤ,5250,情報・通信業,6,TOPIX Small 1
9760,進学会ホールディングス,9050,サービス業,7,TOPIX Small 2
9763,丸紅建材リース,6050,卸売業,7,TOPIX Small 2
9765,オオバ,9050,サービス業,7,TOPIX Small 2
9766,コナミホールディングス,5250,情報・通信業,4,TOPIX Mid400
9768,いであ,9050,サービス業,7,TOPIX Small 2
9769,学究社,9050,サービス業,7,TOPIX Small 2
9783,ベネッセホールディングス,9050,サービス業,4,TOPIX Mid400
9787,イオンディライト,9050,サービス業,6,TOPIX Small 1
9788,ナック,9050,サービス業,7,TOPIX Small 2
9790,福井コンピュータホールディングス,5250,情報・通信業,6,TOPIX Small 1
9793,ダイセキ,9050,サービス業,6,TOPIX Small 1
9795,ステップ,9050,サービス業,7,TOPIX Small 2
9810,日鉄物産,6050,卸売業,6,TOPIX Small 1
9824,泉州電業,6050,卸売業,7,TOPIX Small 2
9828,元気寿司,6100,小売業,7,TOPIX Small 2
9830,トラスコ中山,6050,卸売業,6,TOPIX Small 1
9831,ヤマダホールディングス,6100,小売業,4,TOPIX Mid400
9832,オートバックスセブン,6050,卸売業,4,TOPIX Mid400
9837,モリト,6050,卸売業,7,TOPIX Small 2
9842,アークランドサカモト,6100,小売業,6,TOPIX Small 1
9843,ニトリホールディングス,6100,小売業,2,TOPIX Large70
9850,グルメ杵屋,6100,小売業,7,TOPIX Small 2
9854,愛眼,6100,小売業,7,TOPIX Small 2
9856,ケーユーホールディングス,6100,小売業,7,TOPIX Small 2
9861,吉野家ホールディングス,6100,小売業,4,TOPIX Mid400
9869,加藤産業,6050,卸売業,6,TOPIX Small 1
9872,北恵,6050,卸売業,7,TOPIX Small 2
9880,イノテック,6050,卸売業,7,TOPIX Small 2
9882,イエローハット,6050,卸売業,6,TOPIX Small 1
9887,松屋フーズホールディングス,6100,小売業,7,TOPIX Small 2
9889,ＪＢＣＣホールディングス,5250,情報・通信業,7,TOPIX Small 2
9896,ＪＫホールディングス,6050,卸売業,7,TOPIX Small 2
9900,サガミホールディングス,6100,小売業,7,TOPIX Small 2
9902,日伝,6050,卸売業,7,TOPIX Small 2
9919,関西スーパーマーケット,6100,小売業,7,TOPIX Small 2
9928,ミロク情報サービス,5250,情報・通信業,6,TOPIX Small 1
9930,北沢産業,6050,卸売業,7,TOPIX Small 2
9932,杉本商事,6050,卸売業,7,TOPIX Small 2
9934,因幡電機産業,6050,卸売業,6,TOPIX Small 1
9936,王将フードサービス,6100,小売業,6,TOPIX Small 1
9945,プレナス,6100,小売業,6,TOPIX Small 1
9946,ミニストップ,6100,小売業,7,TOPIX Small 2
9948,アークス,6100,小売業,6,TOPIX Small 1
9956,バローホールディングス,6100,小売業,6,TOPIX Small 1
9960,東テク,6050,卸売業,7,TOPIX Small 2
9962,ミスミグループ本社,6050,卸売業,4,TOPIX Mid400
9972,アルテック,6050,卸売業,7,TOPIX Small 2
9974,ベルク,6100,小売業,6,TOPIX Small 1
9979,大庄,6100,小売業,7,TOPIX Small 2
9982,タキヒヨー,6050,卸売業,7,TOPIX Small 2
9983,ファーストリテイリング,6100,小売業,2,TOPIX Large70
9984,ソフトバンクグループ,5250,情報・通信業,1,TOPIX Core30
9986,蔵王産業,6050,卸売業,7,TOPIX Small 2
9987,スズケン,6050,卸売業,4,TOPIX Mid400
9989,サンドラッグ,6100,小売業,4,TOPIX Mid400
9990,サックスバー　ホールディングス,6100,小売業,7,TOPIX Small 2
9991,ジェコス,6050,卸売業,7,TOPIX Small 2
9993,ヤマザワ,6100,小売業,7,TOPIX Small 2
9994,やまや,6100,小売業,7,TOPIX Small 2
9995,グローセル,6050,卸売業,7,TOPIX Small 2
9997,ベルーナ,6100,小売業,6,TOPIX Small 1
